fetched_date,platform,video_id,title,channel_or_user,url,views,likes,comments,published_at,duration_seconds,thumbnail_url,description_snippet
2026-03-12,YouTube,O7Fwiid1ojw,Just chatting and Bgmi  🚀💕 #iQOO #iQOOZ11x,PAYAL GAMING,https://www.youtube.com/watch?v=O7Fwiid1ojw,270661,9889,40,2026-03-12T13:08:50Z,13969,https://i.ytimg.com/vi/O7Fwiid1ojw/hqdefault.jpg,"Become a Member: https://www.youtube.com/payalgaming/join 

★★ SUPPORT VIA GPAY / PHONE PE / PAYTM ★★ 

➤ 8827719192 

★★ EMAIL FOR BUSINESS INQUIRIES ★★ 

payaldhare@8bitcreatives.in

★★ SOCIAL ★★ 

"
2026-03-12,YouTube,RSeaeB166qM,VALO NOW BGMI DONE - #iQOO #iQOOZ11x,Snax Gaming,https://www.youtube.com/watch?v=RSeaeB166qM,206909,13889,7,2026-03-12T13:06:20Z,20097,https://i.ytimg.com/vi/RSeaeB166qM/hqdefault.jpg,"As you guys know the drill like, comment and subscribe.

Instagram - https://www.instagram.com/snaxgaming/

Discord - https://discord.gg/RXQEmY2UdB

Fb - https://www.facebook.com/SnaxGamingBGMI/

Twit"
2026-03-12,YouTube,qV1jBtJjLQU,1v3 win royal pass |  BGMI  #shortsfeed #livestream #bgmilive,M YADAV is LIVE ,https://www.youtube.com/watch?v=qV1jBtJjLQU,189781,1151,1,2026-03-12T09:49:24Z,4958,https://i.ytimg.com/vi/qV1jBtJjLQU/hqdefault.jpg,"UPI Id  =sandeep.vamani@okicici
MY BGMI ID = 51344009824
step 1: 1v3 hoga usme  MVP banna hai OR JITNA BHI HOGA 
step 2: MVP bannne  ke  bad 1v1 hoga usme  2 match honge 
step 3: jisme 2 match win kar"
2026-03-12,YouTube,pG-q2NITDmg,🥶BGMI 4.3 UPDATE IS HERE😎 | BGMI LIVE🔴,Mayur Gaming React,https://www.youtube.com/watch?v=pG-q2NITDmg,142221,3602,2,2026-03-12T10:05:22Z,25223,https://i.ytimg.com/vi/pG-q2NITDmg/hqdefault.jpg,"#shortslive #bgmi #pubgm #shorts 

TAGS-  BGMI Live, BGMI live Gameplay, Live Gamer, Live Gameplay, Live Streaming, PUBG Mobile Live, BGMI Gameplay, Live BGMI

😎Maintaining 20KD! - BGMI with  ⁨@LoLzZz"
2026-03-12,YouTube,1gNmwasP1pQ,LETS TRY 30 SOLO KILLS #shortsfeed #shortslive  #shorts #live #bgmi #shanislive2 #shanislive,SHAN PLAYS,https://www.youtube.com/watch?v=1gNmwasP1pQ,141383,134,0,2026-03-12T10:31:34Z,10176,https://i.ytimg.com/vi/1gNmwasP1pQ/hqdefault.jpg,"BGMI AGGRISIVE GAMPLAY ONLY #shortsfeed #shortslive  #shorts #live #bgmi #shanislive 
 #bgmi #pubg #pubgmobile #bgmindia #pubgindia #pubgmemes #pubgmobileindia #battlegroundmobileindia #gaming #pubgfu"
2026-03-12,YouTube,9WnPA9WzQ1g,FOOL M416 KA JALWA  | BGMI LIVE |#ericislive #bgmi #shorts #verticallivestream,ERIC is LIVE,https://www.youtube.com/watch?v=9WnPA9WzQ1g,82858,1740,2,2026-03-12T03:26:05Z,6772,https://i.ytimg.com/vi/9WnPA9WzQ1g/hqdefault.jpg,FOOL M416 KA JALWA  | BGMI LIVE |#ericislive #bgmi #shorts #verticallivestream  Eric Social Media Handles •📷Instagram :https://www.instagram.com/ig_ericislive/profilecard/?igsh=MWtibDh4enoxeW5yZg==   
2026-03-12,YouTube,5K_SKo5hoV4,BGMI 120 FPS Gameplay on [ IPHONE 17 PRO MAX] - Best Smartphone for Gaming,PARTAP IS LIVE,https://www.youtube.com/watch?v=5K_SKo5hoV4,66501,477,0,2026-03-12T09:50:33Z,12572,https://i.ytimg.com/vi/5K_SKo5hoV4/hqdefault.jpg,"CAN WE MAKE TOM LOSE IT?! JOIN US AS WE TRY TO MAKE TOM DO THE CRAZIEST THINGS! DON'T MISS THE HILARIOUS OUTFITS AND ALL THE NEW MINI-GAMES! VOTE IN CHAT ON WHAT TOM SHOULD DO NEXT! LETS GOOOOO!
UPI -"
2026-03-12,YouTube,8j_DOqY3Crk,“🔥 BGMI NEW 4.2 UPDATE CLASSIC EXPLORE AND TDM ROOMS🔥 |  #bgmi #short #bgmilive #1v1room,Neptune is live ,https://www.youtube.com/watch?v=8j_DOqY3Crk,34523,481,0,2026-03-12T01:03:41Z,21421,https://i.ytimg.com/vi/8j_DOqY3Crk/hqdefault.jpg,"🗣 FOLLOW ME ON 
 
WHATSAPP = https://chat.whatsapp.com/Fj9vn0EMlHQ99BbdYyAdbT
INSTAGRAM 📷 = https://www.instagram.com/stymphalist._?igsh=MWU0dW9yNXFzbTdkaw==&utm_source=ig_contact_invite


YOUTUBE ▶ ="
2026-03-12,YouTube,NIli2_V2tfg,I'm Back🔥|| BGMI LIVE TELUGU || #shoutoutyt #reels #telugulive #bgmi,Shoutout YT,https://www.youtube.com/watch?v=NIli2_V2tfg,30322,814,0,2026-03-12T09:55:27Z,9576,https://i.ytimg.com/vi/NIli2_V2tfg/hqdefault.jpg,"Join this channel to get access to perks:
https://www.youtube.com/channel/UC6tvYS6thhkA-5-KU9X-wTA/join

For business inquiries;  Teamsoofficial07@gmail.com

🔥 Welcome to the Ultimate Telugu BGMI Live"
2026-03-12,YouTube,tJTIWgfaSIc,BGMI LIVE 🔴Conqueror Push With Subscribers Intense 1v4 Clutch Gameplay #shortsfeed #shorts #bgmilive,NDGUJJAR IS LIVE,https://www.youtube.com/watch?v=tJTIWgfaSIc,30100,114,0,2026-03-12T05:16:17Z,19003,https://i.ytimg.com/vi/tJTIWgfaSIc/hqdefault.jpg,"🔥 NDGUJJAR IS LIVE – BGMI Live Stream
Subscribe & Support ❤

⸻
🔥 BGMI LIVE STREAM 🔥

🎮 Gameplay Device: iPhone 13
📱 BGMI is played and recorded on iPhone 13 only

⌚ Watch frame is used ONLY for visual"
2026-03-12,YouTube,10S9uHsN5co,20 KILLS CHALLENGE | RUSH ONLY @SUGARDADisLIVE   #bgmi  #pubg  #crateopening  #customroom #bgmilive,SUGARDADisLIVE,https://www.youtube.com/watch?v=10S9uHsN5co,25127,286,2,2026-03-12T07:09:53Z,10337,https://i.ytimg.com/vi/10S9uHsN5co/hqdefault.jpg,"Join this channel to get access to perks:
https://www.youtube.com/channel/UCxssiHr1SuqveuiKVBNWHwQ/join
BGMI ID : 5141546220
INSTAGRAM : karim_11511 SUGARDADISLIVE
Gpay phonepay Paytm : 9998883337
INT"
2026-03-12,YouTube,Ag_BgPsuSs4,BGIS 2026 SEMI FINALS | DRY RUN DAY 1 | BGMI OFFICIAL SKINS INVENTORY | K9 ESPORTS,Amit Dubey,https://www.youtube.com/watch?v=Ag_BgPsuSs4,24869,1917,60,2026-03-12T05:39:05Z,922,https://i.ytimg.com/vi/Ag_BgPsuSs4/hqdefault.jpg,"Subscribe for daily vlogs & livestreams !


Instagram : @amitdubeyxd"
2026-03-12,YouTube,nEypukiroWk,35 Chicken Dinners Streak Challenge🔴 BGMI Live w Cutie❤️#bgmi #girlgamer #shorts #explore,CUTIE GAMING,https://www.youtube.com/watch?v=nEypukiroWk,24843,859,4,2026-03-12T01:13:34Z,24426,https://i.ytimg.com/vi/nEypukiroWk/hqdefault.jpg,"#shorts #bgmi #girlgamer #funnyshorts #update4.2 #fyp #explore #shortfeed 

❤️ Welcome, Amazing Viewers and Beloved Subscribers! ❤️
I'm Srijana Thakuri! 🌸
Subscribe to my channel for some funny & skil"
2026-03-12,YouTube,nHgo4h16BeE,💀Open Custom Room – Join Fast! Limited Slots | BGMI | PUBG LIVE,Jia plays,https://www.youtube.com/watch?v=nHgo4h16BeE,23165,815,2,2026-03-12T04:34:15Z,28122,https://i.ytimg.com/vi/nHgo4h16BeE/hqdefault.jpg,"Welcome to Jia Plays LIVE ❤️

Today we are playing PUBG Mobile / BGMI live with subscribers!
🔥 Rank Push
🔥 Intense Clutches
🔥 Custom Rooms
🔥 Asia Server Gameplay

Goal: Road to 100K Subscribers 👑

If "
2026-03-12,YouTube,CTkbU5F0UQ4,WHY SO NOOB 🫩|TEAMCODES |BGMI WITH PIU PIU |#bgmi #girlgamer #facecamlive #live #shorts,Piu Piu Gaming,https://www.youtube.com/watch?v=CTkbU5F0UQ4,18311,965,1,2026-03-12T00:13:11Z,24496,https://i.ytimg.com/vi/CTkbU5F0UQ4/hqdefault.jpg,#bgmifacecamgameplay #piupiuislive   #piupiu  #girlgamer #pubg #facecam #shortsfeed #shorts #live #recommend #teamcode #giveaway #bgmi #pubgmobile #girlgamer #shortsfeed #viral #shorts #trending #shor
2026-03-12,YouTube,HXTw5pUvvlw,DOMINATION IN 4.2 UPDATE | BGMI LIVE | #bgmi #shorts #verticallive #shortsfeed #pubglivestream,Bulla PlayzZz,https://www.youtube.com/watch?v=HXTw5pUvvlw,17283,297,1,2026-03-12T06:40:39Z,10338,https://i.ytimg.com/vi/HXTw5pUvvlw/hqdefault.jpg,"DOMINATION IN 4.2 UPDATE | BGMI LIVE | #bgmi #shorts #verticallive #shortsfeed #pubglivestream 




Tags-:
#bgmicustomroomlive #bgmilive #bgmicustomroomlive #ucgiveaway #customroomlivebgmi  #battlegro"
2026-03-12,YouTube,nhtqQCXKSLY,BGMI 4.2 UPDATE || LETS PLAY WOW MODE || CREATORISLIVE #shortslive #livestream #bgmi,CREATORisLIVE,https://www.youtube.com/watch?v=nhtqQCXKSLY,17259,166,0,2026-03-12T00:35:52Z,22442,https://i.ytimg.com/vi/nhtqQCXKSLY/hqdefault.jpg,BGMI 4.2 UPDATE || LETS PLAY WOW MODE || CREATORISLIVE #shortslive #livestream #bgmi                                                                                                                    
2026-03-12,YouTube,r-0ASm1YQ20,Omg!!😍 REALLY MY BEST SNIPER GAMEPLAY🔥 PUBG Mobile - BGMI,Fatih GAMING,https://www.youtube.com/watch?v=r-0ASm1YQ20,11799,505,56,2026-03-12T06:00:39Z,1346,https://i.ytimg.com/vi/r-0ASm1YQ20/hqdefault.jpg,"Don’t forget to LIKE + SUBSCRIBE if you are new here!
Thanks for watching and for your support!!

My Second Channel
https://youtube.com/@fatihgaming2

Channel Membership (if you want support our chann"
2026-03-12,YouTube,cpFd0h5WkbQ,BGMI RUSH GAMEPLAY ONLY😘 | TWINKLE IS LIVE🥰 | FACECAM | #bgmi #shortsfeed #ytlive #shorts,Twinkle Gaming,https://www.youtube.com/watch?v=cpFd0h5WkbQ,11106,423,0,2026-03-12T05:28:27Z,30634,https://i.ytimg.com/vi/cpFd0h5WkbQ/hqdefault.jpg,"Hi Everyone 
Thank you for joining my PUBG stream ❤️. My UID is 55542487172.
If you enjoyed it - please like, share, and subscribe to my channel 🥰

#bgmi #girlgamer #kaashplays #jonathangaming #payalg"
2026-03-12,YouTube,FOuVRvx-pDE,Classics with Teamcodes 🖤 | BGMI w Mess🎀  #bgmi #pubgm #shortsfeed #messgaming,Mess,https://www.youtube.com/watch?v=FOuVRvx-pDE,10489,459,1,2026-03-12T04:06:10Z,25597,https://i.ytimg.com/vi/FOuVRvx-pDE/hqdefault.jpg,"Welcome to my stream!
Thanks for watching!
LIKE • SHARE • SUBSCRIBE

★★ SOCIAL MEDIA ★★

➥ Insta  : https://www.instagram.com/ig_messs
➥ Discord : https://discord.gg/kHWNZsFu
➥ Join : https://www.yout"
2026-03-12,YouTube,NLhSKacnpL8,Jonathan best BGIS Moment #bgmi #godlike #esports,FASTYTGAMING,https://www.youtube.com/watch?v=NLhSKacnpL8,51982,0,6,2026-03-12T05:12:11Z,23,https://i.ytimg.com/vi/NLhSKacnpL8/hqdefault.jpg,"Godlike #bgmi #godlike #esportsnews #kraftonindiaesports #semifinal #bgis #wildcard 
Credit:- Godlike Esports"
2026-03-12,YouTube,gu2OAySlqeY,B'day Gift ❣️ Special! #bgmi #shorts #desiplayz,DESI PLAYz,https://www.youtube.com/watch?v=gu2OAySlqeY,48591,8975,873,2026-03-12T04:40:00Z,51,https://i.ytimg.com/vi/gu2OAySlqeY/hqdefault.jpg,
2026-03-12,YouTube,mU237MdrLH4,Ramadan Mini #vlog Day 21😍 #minivlog #ramadanvlog #viralshort #shortsfeed #bgmi #trending #shorts,SHADY YT,https://www.youtube.com/watch?v=mU237MdrLH4,31117,4174,68,2026-03-12T04:30:33Z,88,https://i.ytimg.com/vi/mU237MdrLH4/hqdefault.jpg,
2026-03-12,YouTube,pSnJzy3prEM,#2 pump player vs wmax  @piyush.zgamer #freefire #pubg #bgmi,VampFyre,https://www.youtube.com/watch?v=pSnJzy3prEM,17598,686,5,2026-03-12T06:30:25Z,31,https://i.ytimg.com/vi/pSnJzy3prEM/hqdefault.jpg,"Join this channel to get access to perks:
https://www.youtube.com/channel/UCRfsfj8hScyIGkFDGcGswOg/join"
2026-03-12,YouTube,y84ANyHvz5g,best landing location 🔥 #bgmi #clutch #gaming ,SPY Prince Gaming,https://www.youtube.com/watch?v=y84ANyHvz5g,14193,286,13,2026-03-12T01:57:12Z,40,https://i.ytimg.com/vi/y84ANyHvz5g/hqdefault.jpg,"Thanks for Watching❤️🙏🏻
#bgmi #pubg #pubgmobile #pubgfunnymoments #pubgfunny 
#youtubeshorts #shortsfeed 
#viralvideoshorts #trending
#bgmishortsviralkaisekare
#bgmishortsfunny
#bgmishortstdm
#bgmisho"
2026-03-12,YouTube,OCnF9fEpZrc,GodL team Ready for Semi-Final #bgmi #godlike #esports,FASTYTGAMING,https://www.youtube.com/watch?v=OCnF9fEpZrc,12302,0,2,2026-03-12T07:13:51Z,53,https://i.ytimg.com/vi/OCnF9fEpZrc/hqdefault.jpg,"Godlike #godlike #bgmi #esportsnews #semifinal #kraftonindiaesports #bgis 
Credit:- Godlike Esports"
2026-03-12,YouTube,E0LdPVuRVik,What a survival on recall centre in pubgm #pubg #bgmi #pubgm,Tiger is live ,https://www.youtube.com/watch?v=E0LdPVuRVik,11655,254,0,2026-03-12T02:49:12Z,179,https://i.ytimg.com/vi/E0LdPVuRVik/hqdefault.jpg,What a survival on recall centre in pubgm
2026-03-12,YouTube,E0LdPVuRVik,What a survival on recall centre in pubgm #pubg #bgmi #pubgm,Tiger is live ,https://www.youtube.com/watch?v=E0LdPVuRVik,11638,254,0,2026-03-12T02:49:12Z,179,https://i.ytimg.com/vi/E0LdPVuRVik/hqdefault.jpg,What a survival on recall centre in pubgm
2026-03-12,YouTube,MuhmoMoc3Fo,Manya ? ☠️#godlike #jonathangaming #neyo #bgmi #soul #s8ul #scout #payal #bgis,RollinsZone,https://www.youtube.com/watch?v=MuhmoMoc3Fo,10574,391,11,2026-03-12T10:46:10Z,9,https://i.ytimg.com/vi/MuhmoMoc3Fo/hqdefault.jpg,"Clipped from- 

Hello Fam💕
Thanks for reaching to my Channel 😊

Business Mail- madhurirchhaiya9797@gmail.com

RULES-
1. HATE OR ABUSIVE COMMENTS LEADS TO BAN
2. NO TOXICITY FOR ANY ORG OR PERSON
3. IF"
2026-03-13,YouTube,_r1WegmNfOQ,BGMI LIVE 🔥 Solo vs Squad Rush Gameplay | High Kills | Shorts Live,Harshit Yt Live,https://www.youtube.com/watch?v=_r1WegmNfOQ,71700,307,1,2026-03-13T00:54:04Z,19733,https://i.ytimg.com/vi/_r1WegmNfOQ/hqdefault.jpg,"BGMI LIVE 🔥 Solo vs Squad Rush Gameplay | High Kills | Shorts Live

New Device :- iPad Pro M4 256 GB
Old Device :- ipad 8th gen 60 fps 6 years old iPad 🥲
Laptop Asus Tuf F15 :-  i5 12500h 16gb ram Rtx"
2026-03-13,YouTube,RnJuPgyPcKg,"4.3 UPDATE  |  4.3 UPDATE BGMI LIVE | BGMI NEW UPDATE 4.3☠️SAMSUNG,A3,A5,A6,A7,J2,J5,J7,S5,S7,S9,A1",NeonXPawan,https://www.youtube.com/watch?v=RnJuPgyPcKg,36483,3057,1,2026-03-13T01:04:44Z,13492,https://i.ytimg.com/vi/RnJuPgyPcKg/hqdefault.jpg,"PRO TO NNOB CHALLENGE! | BGMI NEW UPDATE 4.1☠️SAMSUNG,A3,A5,A6,A7,J2,J5,J7,S5,S7,S9,A10,

UPI - https://donates.in/pawan932

#neonxpawan"
2026-03-13,YouTube,cNupeUu6ugo,35 Chicken Dinners Streak Challenge🔴 BGMI Live w Cutie❤️#bgmi #girlgamer #shorts #explore,CUTIE GAMING,https://www.youtube.com/watch?v=cNupeUu6ugo,27687,832,0,2026-03-13T02:37:08Z,28830,https://i.ytimg.com/vi/cNupeUu6ugo/hqdefault.jpg,"#shorts #bgmi #girlgamer #funnyshorts #update4.2 #fyp #explore #shortfeed 

❤️ Welcome, Amazing Viewers and Beloved Subscribers! ❤️
I'm Srijana Thakuri! 🌸
Subscribe to my channel for some funny & skil"
2026-03-13,YouTube,fRjc-i7O7LA,🥶BGMI 4.3 UPDATE IS HERE😎 | BGMI LIVE🔴,Mayur Gaming React,https://www.youtube.com/watch?v=fRjc-i7O7LA,10174,1371,0,2026-03-13T02:06:11Z,0,https://i.ytimg.com/vi/fRjc-i7O7LA/hqdefault_live.jpg,"#shortslive #bgmi #pubgm #shorts 

TAGS-  BGMI Live, BGMI live Gameplay, Live Gamer, Live Gameplay, Live Streaming, PUBG Mobile Live, BGMI Gameplay, Live BGMI

😎Maintaining 20KD! - BGMI with  ⁨@LoLzZz"
2026-03-14,YouTube,GlAEdR3lKnY,🔥HIGH KILLS IN CONQUEROR LOBBY | BGMI LIVE | UPMAX #shorts #bgmilive #bgmi,UPMAX YT,https://www.youtube.com/watch?v=GlAEdR3lKnY,27004,997,0,2026-03-14T00:16:12Z,15815,https://i.ytimg.com/vi/GlAEdR3lKnY/hqdefault.jpg,"Thanks for watching ❤️  
Insta - ig_upmax
DEVICE - iPHONE 15"
2026-03-14,YouTube,eQoeZ1y-cws,Overconfidence 😃 1vs1 Drone Funny Real Life Gameplay #freefire #pubg #bgmi,kar98 Army,https://www.youtube.com/watch?v=eQoeZ1y-cws,23191,878,2,2026-03-14T00:30:38Z,85,https://i.ytimg.com/vi/eQoeZ1y-cws/hqdefault.jpg,
2026-03-14,YouTube,GVD9ZLDk99c,EARLY MORNING PUBG MOBILE 4.3  LIVE💥🔥 #bgmi  #bgmilive #shorts #shotsfeed,MAAMAN GAMING,https://www.youtube.com/watch?v=GVD9ZLDk99c,22853,209,0,2026-03-14T04:06:33Z,17162,https://i.ytimg.com/vi/GVD9ZLDk99c/hqdefault.jpg,"❤️ Follow me
ON INSTAGRAM :  maaman_gaming


💰 Donate:
GPay/Paytm/PhonePe: 9995527542
UPI Id:  jaan.casino-1@okicici


me for more:
 
FACEBOOK               : MAAMAN GAMING
Instagram                 :"
2026-03-14,YouTube,xceHHjd-hDY,OFFICIAL 😍 Bgmi 4.3 Update Here | Next SuperCar | Bgmi New Update | Bgmi 4.3 Update Release Date,Gk Afroz,https://www.youtube.com/watch?v=xceHHjd-hDY,16002,2476,256,2026-03-14T02:45:00Z,483,https://i.ytimg.com/vi/xceHHjd-hDY/hqdefault.jpg,"OFFICIAL 😍 Bgmi 4.3 Update Here | Next SuperCar | Bgmi New Update | Bgmi 4.3 Update Release Date

AA JAAO TELEGRAM Me - https://t.me/GkAfroz


Instagram :- https://instagram.com/gk_afroz/




About Vi"
2026-03-14,YouTube,TErqIbwTB-4,🥶BGMI 4.3 UPDATE IS HERE😎 | BGMI LIVE🔴,Mayur Gaming React,https://www.youtube.com/watch?v=TErqIbwTB-4,13326,1290,0,2026-03-14T02:09:17Z,0,https://i.ytimg.com/vi/TErqIbwTB-4/hqdefault_live.jpg,"#shortslive #bgmi #pubgm #shorts 

TAGS-  BGMI Live, BGMI live Gameplay, Live Gamer, Live Gameplay, Live Streaming, PUBG Mobile Live, BGMI Gameplay, Live BGMI

😎Maintaining 20KD! - BGMI with  ⁨@LoLzZz"
2026-03-14,YouTube,mme68FaiQN4,🔴 LIVE PUBG Mobile | Clutch Gameplay #live #pubgmobile #bgmi,Tufan x yt,https://www.youtube.com/watch?v=mme68FaiQN4,12445,32,0,2026-03-14T03:51:17Z,10885,https://i.ytimg.com/vi/mme68FaiQN4/hqdefault.jpg,"Pubg live stream! #bgmi #pubgmobile #gaming #livestreaming #live 

My game id: 51987723584"
2026-03-14,YouTube,uU3Eq4FfBAc,LIVE 🔴| BGMI MOBILE ROAD TO 20K SUBS 😎 | HDR + EXTREME Gameplay | #pubgmobilelive #bgmi #bgmilive,PRINCE IS LIVE ,https://www.youtube.com/watch?v=uU3Eq4FfBAc,10818,110,0,2026-03-14T01:35:10Z,16011,https://i.ytimg.com/vi/uU3Eq4FfBAc/hqdefault.jpg,"https://www.instagram.com/ytprinceislive?igsh=MXFhdDE2Mnd1aWloag%3D%3D&utm_source=qr
┉┉┉┉┉┉┉┉┉┉┉┉┉┉┉┉┉┉┉┉┉┉┉┉┉┉┉┉┉┉┉┉┉┉┉┉┉┉┉┉┉┉┉┉┉┉┉┉┉┉┉┉┉┉┉┉┉┉┉┉┉┉┉┉┉┉┉┉┉┉┉┉┉┉┉┉┉┉┉┉┉┉┉┉┉┉┉┉┉┉┉┉┉┉┉┉┉┉┉┉┉┉┉┉┉┉┉┉┉┉┉┉┉┉┉"
2026-03-15,YouTube,lS0q6IiUrb8,BGMI LIVE 🔥 Solo vs Squad Rush Gameplay | High Kills | Shorts Live,Harshit Yt Live,https://www.youtube.com/watch?v=lS0q6IiUrb8,84780,368,0,2026-03-15T00:04:05Z,16392,https://i.ytimg.com/vi/lS0q6IiUrb8/hqdefault.jpg,"BGMI LIVE 🔥 Solo vs Squad Rush Gameplay | High Kills | Shorts Live

New Device :- iPad Pro M4 256 GB
Old Device :- ipad 8th gen 60 fps 6 years old iPad 🥲
Laptop Asus Tuf F15 :-  i5 12500h 16gb ram Rtx"
2026-03-15,YouTube,deM3isDI8Pk,1v3 win royal pass   @M_YADAV_is_LIVE  @ANSARIISLIVE6  #bgmi  #1V3M24,ANSARIISLIVE6,https://www.youtube.com/watch?v=deM3isDI8Pk,41503,302,0,2026-03-15T02:44:51Z,2051,https://i.ytimg.com/vi/deM3isDI8Pk/hqdefault.jpg,"1V3 WIN ROYAL PASS @M YADAV IS LIVE @ANSARI IS LIVE
#bgmi #pubgmobile #shorts #shortvideo #1v4 #1vs4 #battlegroundmobileindia #bgmiindia #livestream #shortlive @ANSARIISLIVE #bgmishorts"
2026-03-15,YouTube,K8VdSs9SHMw,AGGRESSIVE RUSH GAMEPLAY 😍| FACECAM 😍| VERTICAL STREAM #shortvideo  #bgmilive #girlgamer #shortsfeed,Aashi is live,https://www.youtube.com/watch?v=K8VdSs9SHMw,38123,1465,4,2026-03-15T00:30:25Z,26251,https://i.ytimg.com/vi/K8VdSs9SHMw/hqdefault.jpg,"Hello everyone 💕 

I’m Aashi Pandey, a BGMI live Streamer/Gamer from Greater Noida. I do daily late-night streams, playing in top-tier Rank Push lobbies. If you like my game style, clutch moments, and"
2026-03-15,YouTube,WsbVONaoumg,“🔥 BGMI NEW 4.2 UPDATE CLASSIC EXPLORE AND TDM ROOMS🔥 |  #bgmi #short #bgmilive #1v1room,Neptune is live ,https://www.youtube.com/watch?v=WsbVONaoumg,35221,564,1,2026-03-15T01:10:32Z,21753,https://i.ytimg.com/vi/WsbVONaoumg/hqdefault.jpg,"🗣 FOLLOW ME ON 
 
WHATSAPP = https://chat.whatsapp.com/Fj9vn0EMlHQ99BbdYyAdbT
INSTAGRAM 📷 = https://www.instagram.com/stymphalist._?igsh=MWU0dW9yNXFzbTdkaw==&utm_source=ig_contact_invite


YOUTUBE ▶ ="
2026-03-15,YouTube,lYfvnkL4hr8,BGMI 4.2 UPDATE || LETS PLAY WOW MODE || CREATORISLIVE #shortslive #livestream #bgmi,CREATORisLIVE,https://www.youtube.com/watch?v=lYfvnkL4hr8,23070,181,0,2026-03-15T00:44:26Z,24270,https://i.ytimg.com/vi/lYfvnkL4hr8/hqdefault.jpg,BGMI 4.2 UPDATE || LETS PLAY WOW MODE || CREATORISLIVE #shortslive #livestream #bgmi                                                                                                                    
2026-03-15,YouTube,jXoZe2GwAV4,Maiyaa ka saiyaaa |TEAMCODES |BGMI WITH PIU PIU |#bgmi #girlgamer #facecamlive #live #shorts,Piu Piu Gaming,https://www.youtube.com/watch?v=jXoZe2GwAV4,17723,893,3,2026-03-15T00:39:58Z,22223,https://i.ytimg.com/vi/jXoZe2GwAV4/hqdefault.jpg,#bgmifacecamgameplay #piupiuislive   #piupiu  #girlgamer #pubg #facecam #shortsfeed #shorts #live #recommend #teamcode #giveaway #bgmi #pubgmobile #girlgamer #shortsfeed #viral #shorts #trending #shor
2026-03-15,YouTube,Tf--Ab9aZI0,NEW CRATE & FACE RETURN 😍 Bgmi New Royale Pass Here | A18 Royal Pass |  Next Royal Pass Bgmi ,Gk Afroz,https://www.youtube.com/watch?v=Tf--Ab9aZI0,13329,1981,248,2026-03-15T04:02:36Z,570,https://i.ytimg.com/vi/Tf--Ab9aZI0/hqdefault.jpg,"NEW CRATE & FACE RETURN 😍 Bgmi New Royale Pass Here | A18 Royal Pass |  Next Royal Pass Bgm

AA JAAO TELEGRAM Me - https://t.me/GkAfroz


Instagram :- https://instagram.com/gk_afroz/




About Video :"
2026-03-15,YouTube,AD6XqivISYk,Ramadan Mini #vlog Day 24😍 #minivlog #ramadanvlog #viralshort #shortsfeed #bgmi #trending #shorts,SHADY YT,https://www.youtube.com/watch?v=AD6XqivISYk,11144,1733,25,2026-03-15T03:30:05Z,73,https://i.ytimg.com/vi/AD6XqivISYk/hqdefault.jpg,
2026-03-15,YouTube,c6SiUx0NEEY,BEST RIVALRY IN BGMI | BGIS 2026 #VLOG ,MazyisLive,https://www.youtube.com/watch?v=c6SiUx0NEEY,11073,10848,716,2026-03-15T03:30:33Z,1743,https://i.ytimg.com/vi/c6SiUx0NEEY/hqdefault.jpg,"Join this channel to get access to perks:
https://www.youtube.com/c/MazyisLive/join

Discord Link: https://discord.gg/WHkMynN
🎤Promotion/Sponsor-shanalam837@gmail.com

Follow Us On
⏭Instagram: https:/"
2026-03-15,YouTube,HgbV5aAicy8,FULL LOBBY DOMINATE IN JINI EVENT😍| BGMI LIVE | #bgmi #shorts  #pubgmobile #handcam,Masoom Gaming,https://www.youtube.com/watch?v=HgbV5aAicy8,10896,139,0,2026-03-15T04:30:44Z,12945,https://i.ytimg.com/vi/HgbV5aAicy8/hqdefault.jpg,"FULL LOBBY DOMINATE IN JINI EVENT😍| BGMI LIVE | #bgmi #shorts  #pubgmobile #handcam
Device - IPAD PRO M4
Headphones - RAZER BLACKSHARK V2X USB
Screen mirror - Douwan vip
.............................."
2026-03-16,YouTube,eCAUDYrERag,BGMI LIVE 🔴Conqueror Push With Subscribers Intense 1v4 Clutch Gameplay #shortsfeed #shorts #bgmilive,NDGUJJAR IS LIVE,https://www.youtube.com/watch?v=eCAUDYrERag,44910,155,0,2026-03-16T04:28:57Z,16738,https://i.ytimg.com/vi/eCAUDYrERag/hqdefault.jpg,"🔥 NDGUJJAR IS LIVE – BGMI Live Stream
Subscribe & Support ❤

⸻
🔥 BGMI LIVE STREAM 🔥

🎮 Gameplay Device: iPhone 13
📱 BGMI is played and recorded on iPhone 13 only

⌚ Watch frame is used ONLY for visual"
2026-03-16,YouTube,z_hx_0OuCnM,🥶NEW ROYAL PASS IS HERE😎 | BGMI LIVE🔴,Mayur Gaming React,https://www.youtube.com/watch?v=z_hx_0OuCnM,31707,1837,0,2026-03-16T02:09:47Z,0,https://i.ytimg.com/vi/z_hx_0OuCnM/hqdefault_live.jpg,"#shortslive #bgmi #pubgm #shorts 

TAGS-  BGMI Live, BGMI live Gameplay, Live Gamer, Live Gameplay, Live Streaming, PUBG Mobile Live, BGMI Gameplay, Live BGMI

😎Maintaining 20KD! - BGMI with  ⁨@LoLzZz"
2026-03-16,YouTube,xoXnwZbR72Q,🔥STREAK ROOMS | BGMI LIVE #shortslive #shortfeed #bgmilive,Nyx is Live,https://www.youtube.com/watch?v=xoXnwZbR72Q,17993,668,0,2026-03-16T00:13:03Z,22224,https://i.ytimg.com/vi/xoXnwZbR72Q/hqdefault.jpg,"#shorts #shortsfeed #bgmilive #shortlive #pubgmobile #shortfeed 
Hello Everyone!
Welcome to my live stream
I Hope You Love It..!😊

Membership Link-  https://www.youtube.com/channel/UCcijeJJXpjQHKBiBvl"
2026-03-16,YouTube,NKXSiSe6TWg,Hot Drop Rush 🔥 Short BGMI Live,SONU IS LIVE,https://www.youtube.com/watch?v=NKXSiSe6TWg,17907,411,0,2026-03-16T05:03:02Z,8031,https://i.ytimg.com/vi/NKXSiSe6TWg/hqdefault.jpg,"“Hot Drop Rush 🔥 Short BGMI Live”

ROAD TO 100,000 / 100 K SUBSCRIBER ❤️ 

FULL BOOMBAAM BAAM RUSH GAMEPLAY 🔥 

If you liked the Video don’t forget to Like, Share and Subscribe.

Hey Guys, 
Welcome to"
2026-03-17,YouTube,QgG5ILByOfQ,Bgmi now ! rank push wo kya hai !🤪 MY TALKING TOM 2 LIVE #talkingtom #livestream #bgmi,SILENT IsLive,https://www.youtube.com/watch?v=QgG5ILByOfQ,117113,1423,0,2026-03-17T00:08:14Z,12217,https://i.ytimg.com/vi/QgG5ILByOfQ/hqdefault.jpg,"#shorts #talkingtom #livestream #bgmi 

Bgmi now ! rank push wo kya hai !🤪 MY TALKING TOM 2 LIVE

CAN WE MAKE TOM LOSE IT?! JOIN US AS WE TRY TO MAKE TOM DO THE CRAZIEST THINGS! DON'T MISS THE HILARIO"
2026-03-17,YouTube,wRnXNggU9qM,“🔥 BGMI NEW 4.2 UPDATE CLASSIC EXPLORE AND TDM ROOMS🔥 |  #bgmi #short #bgmilive #1v1room,Neptune is live ,https://www.youtube.com/watch?v=wRnXNggU9qM,23315,363,0,2026-03-17T01:09:01Z,19440,https://i.ytimg.com/vi/wRnXNggU9qM/hqdefault.jpg,"🗣 FOLLOW ME ON 
 
WHATSAPP = https://chat.whatsapp.com/Fj9vn0EMlHQ99BbdYyAdbT
INSTAGRAM 📷 = https://www.instagram.com/stymphalist._?igsh=MWU0dW9yNXFzbTdkaw==&utm_source=ig_contact_invite


YOUTUBE ▶ ="
2026-03-17,YouTube,ySW86vm5jJA,🥶NEW ROYAL PASS IS HERE😎 | BGMI LIVE🔴,Mayur Gaming React,https://www.youtube.com/watch?v=ySW86vm5jJA,21708,1466,0,2026-03-17T02:05:48Z,0,https://i.ytimg.com/vi/ySW86vm5jJA/hqdefault_live.jpg,"#shortslive #bgmi #pubgm #shorts 

TAGS-  BGMI Live, BGMI live Gameplay, Live Gamer, Live Gameplay, Live Streaming, PUBG Mobile Live, BGMI Gameplay, Live BGMI

😎Maintaining 20KD! - BGMI with  ⁨@LoLzZz"
2026-03-17,YouTube,NFx35MieKBw,Ooo eee aaa uuu |TEAMCODES |BGMI WITH PIU PIU |#bgmi #girlgamer #facecamlive #live #shorts,Piu Piu Gaming,https://www.youtube.com/watch?v=NFx35MieKBw,20517,1081,0,2026-03-17T00:31:31Z,31541,https://i.ytimg.com/vi/NFx35MieKBw/hqdefault.jpg,#bgmifacecamgameplay #piupiuislive   #piupiu  #girlgamer #pubg #facecam #shortsfeed #shorts #live #recommend #teamcode #giveaway #bgmi #pubgmobile #girlgamer #shortsfeed #viral #shorts #trending #shor
2026-03-17,YouTube,201HZKScZaI,💀Open Custom Room – Join Fast! Limited Slots | BGMI | PUBG LIVE,Jia plays,https://www.youtube.com/watch?v=201HZKScZaI,19820,1546,0,2026-03-17T03:21:02Z,15620,https://i.ytimg.com/vi/201HZKScZaI/hqdefault.jpg,"Welcome to Jia Plays LIVE ❤️

Today we are playing PUBG Mobile / BGMI live with subscribers!
🔥 Rank Push
🔥 Intense Clutches
🔥 Custom Rooms
🔥 Asia Server Gameplay

Goal: Road to 100K Subscribers 👑

If "
2026-03-17,YouTube,4CsL1mS1YK0,🔴BGMI HOJYE ? ❤️🥰💗 #bgmi #bgmilive 💗,Miss Senorita,https://www.youtube.com/watch?v=4CsL1mS1YK0,12330,339,0,2026-03-17T01:35:46Z,13681,https://i.ytimg.com/vi/4CsL1mS1YK0/hqdefault.jpg,"https://www.youtube.com/channel/UCHjhEGwR8DG8MxhY8FdVWoA/join
 
linktree - https://linktr.ee/dollysadnani 

hey peeps! Thanks for joining ❤️and  Welcome to my channel Miss Senorita
first, I would love"
2026-03-17,YouTube,ND9KBxg4DzQ,FULL LOBBY DOMINATE IN JINI EVENT😍| BGMI LIVE | #bgmi #shorts  #pubgmobile #handcam,Masoom Gaming,https://www.youtube.com/watch?v=ND9KBxg4DzQ,11419,134,0,2026-03-17T04:41:13Z,13308,https://i.ytimg.com/vi/ND9KBxg4DzQ/hqdefault.jpg,"FULL LOBBY DOMINATE IN JINI EVENT😍| BGMI LIVE | #bgmi #shorts  #pubgmobile #handcam
Device - IPAD PRO M4
Headphones - RAZER BLACKSHARK V2X USB
Screen mirror - Douwan vip
.............................."
2026-03-17,YouTube,UcVQxRZ06h0,🔴LIVE BGMI |Guyss Ajj Tehelka Hoga #bgmi #gameplay  #livestream,AndhaPaisaLive,https://www.youtube.com/watch?v=UcVQxRZ06h0,10309,123,0,2026-03-17T04:40:32Z,13074,https://i.ytimg.com/vi/UcVQxRZ06h0/hqdefault.jpg,"Welcome back! 🎮
🔥
2 din ke baad naya event ayega guyssss❤️❤️

🔥 What’s Happening Today:
🎯 Goal: Reaching--- 2000 subs❤️

🔫 Challenge: M249 & Shortgun Only / 20+ Kill Challenge

💬 Interaction: Q&A with"
2026-03-17,YouTube,k2B6UiojJJo,PRE ORDER CANCEL ? | Bgmi 4.3 Play Store Update | Next Ultimate Outfit Bgmi | Bgmi New Update ,Techno Afroz,https://www.youtube.com/watch?v=k2B6UiojJJo,10161,1853,150,2026-03-17T03:00:46Z,449,https://i.ytimg.com/vi/k2B6UiojJJo/hqdefault.jpg,"PRE ORDER CANCEL ? | Bgmi 4.3 Play Store Update | Next Ultimate Outfit Bgmi | Bgmi New Update

AA JAAO TELEGRAM Me :- https://t.me/GkAfroz


Instagram :- https://instagram.com/gk_afroz/




About Vide"
2026-03-17,YouTube,jK-N58b32XQ,🔴 LIVE PUBG Mobile | Clutch Gameplay #live #pubgmobile #bgmi,Tufan x yt,https://www.youtube.com/watch?v=jK-N58b32XQ,10136,55,0,2026-03-17T03:27:08Z,9243,https://i.ytimg.com/vi/jK-N58b32XQ/hqdefault.jpg,"Pubg live stream! #bgmi #pubgmobile #gaming #livestreaming #live 

My game id: 51987723584"
2026-03-18,YouTube,xqI8WWFlRfI,“🔥 BGMI NEW 4.2 UPDATE CLASSIC EXPLORE AND TDM ROOMS🔥 |  #bgmi #short #bgmilive #1v1room,Neptune is live ,https://www.youtube.com/watch?v=xqI8WWFlRfI,28830,481,0,2026-03-18T00:43:05Z,20021,https://i.ytimg.com/vi/xqI8WWFlRfI/hqdefault.jpg,"🗣 FOLLOW ME ON 
 
WHATSAPP = https://chat.whatsapp.com/Fj9vn0EMlHQ99BbdYyAdbT
INSTAGRAM 📷 = https://www.instagram.com/stymphalist._?igsh=MWU0dW9yNXFzbTdkaw==&utm_source=ig_contact_invite


YOUTUBE ▶ ="
2026-03-18,YouTube,f3XCaHcOqkE,HAAALLUUUU |TEAMCODES |BGMI WITH PIU PIU |#bgmi #girlgamer #facecamlive #live #shorts,Piu Piu Gaming,https://www.youtube.com/watch?v=f3XCaHcOqkE,22938,960,0,2026-03-18T00:09:08Z,24747,https://i.ytimg.com/vi/f3XCaHcOqkE/hqdefault.jpg,#bgmifacecamgameplay #piupiuislive   #piupiu  #girlgamer #pubg #facecam #shortsfeed #shorts #live #recommend #teamcode #giveaway #bgmi #pubgmobile #girlgamer #shortsfeed #viral #shorts #trending #shor
2026-03-18,YouTube,3IWJSG877fE,OMG 😍 Biggest Bgmi 4.3 Play Store Update | Bgmi New Event | New Mythic Forge Bgmi | Bgmi Update,Gk Afroz,https://www.youtube.com/watch?v=3IWJSG877fE,10465,1833,191,2026-03-18T02:45:00Z,512,https://i.ytimg.com/vi/3IWJSG877fE/hqdefault.jpg,"OMG 😍 Biggest Bgmi 4.3 Play Store Update | Bgmi New Event | New Mythic Forge Bgmi | Bgmi Update

AA JAAO TELEGRAM Me - https://t.me/GkAfroz





Instagram :- https://instagram.com/gk_afroz/




About "
2026-03-19,YouTube,TAcGN2t5lsg,“🔥 BGMI NEW 4.2 UPDATE CLASSIC EXPLORE AND TDM ROOMS🔥 |  #bgmi #short #bgmilive #1v1room,Neptune is live ,https://www.youtube.com/watch?v=TAcGN2t5lsg,42038,686,0,2026-03-19T00:18:59Z,18996,https://i.ytimg.com/vi/TAcGN2t5lsg/hqdefault.jpg,"🗣 FOLLOW ME ON 
 
WHATSAPP = https://chat.whatsapp.com/Fj9vn0EMlHQ99BbdYyAdbT
INSTAGRAM 📷 = https://www.instagram.com/stymphalist._?igsh=MWU0dW9yNXFzbTdkaw==&utm_source=ig_contact_invite


YOUTUBE ▶ ="
2026-03-19,YouTube,7BQLHmItyF0,AGGRESSIVE RUSH GAMEPLAY 😍| FACECAM 😍| VERTICAL STREAM #shortvideo  #bgmilive #girlgamer #shortsfeed,Aashi is live,https://www.youtube.com/watch?v=7BQLHmItyF0,31833,995,2,2026-03-19T00:17:35Z,17898,https://i.ytimg.com/vi/7BQLHmItyF0/hqdefault.jpg,"Hello everyone 💕 

I’m Aashi Pandey, a BGMI live Streamer/Gamer from Greater Noida. I do daily late-night streams, playing in top-tier Rank Push lobbies. If you like my game style, clutch moments, and"
2026-03-19,YouTube,2_TFwy0tmEs,FINALLY 😍 Bgmi 4.3 Update Download | Bgmi Update Not Showing | How to Update Bgmi | Bgmi New Update ,Gk Afroz,https://www.youtube.com/watch?v=2_TFwy0tmEs,24846,3215,476,2026-03-19T00:30:00Z,350,https://i.ytimg.com/vi/2_TFwy0tmEs/hqdefault.jpg,"FINALLY 😍 Bgmi 4.3 Update Download | Bgmi Update Not Showing | How to Update Bgmi | Bgmi New Update

4.3 UPDATE  - https://t.me/GkAfroz
Link Open Na Ho Search Kar Lena @Gk Afroz 





Instagram :- htt"
2026-03-19,YouTube,G95fRvfya1A,🥶BGMI 4.3 UPDATE IS HERE😎 | BGMI LIVE🔴,Mayur Gaming React,https://www.youtube.com/watch?v=G95fRvfya1A,12246,1053,0,2026-03-19T02:07:42Z,0,https://i.ytimg.com/vi/G95fRvfya1A/hqdefault_live.jpg,"#shortslive #bgmi #pubgm #shorts 

how to download BGMI 4.3 UPDATE

TAGS-  BGMI Live, BGMI live Gameplay, Live Gamer, Live Gameplay, Live Streaming, PUBG Mobile Live, BGMI Gameplay, Live BGMI

😎Mainta"
2026-03-20,YouTube,X25goh9SkGg,AGGRESSIVE RUSH GAMEPLAY 😍| FACECAM 😍| VERTICAL STREAM #shortvideo  #bgmilive #girlgamer #shortsfeed,Aashi is live,https://www.youtube.com/watch?v=X25goh9SkGg,33665,1083,0,2026-03-20T00:09:55Z,23569,https://i.ytimg.com/vi/X25goh9SkGg/hqdefault.jpg,"Hello everyone 💕 

I’m Aashi Pandey, a BGMI live Streamer/Gamer from Greater Noida. I do daily late-night streams, playing in top-tier Rank Push lobbies. If you like my game style, clutch moments, and"
2026-03-20,YouTube,aIwiMCJ9YMU,ONLY RUSH GAMEPLAY😤 BGMI Live w Cutie❤️#bgmi #girlgamer #shorts #explore,CUTIE GAMING,https://www.youtube.com/watch?v=aIwiMCJ9YMU,24124,757,0,2026-03-20T01:35:58Z,23978,https://i.ytimg.com/vi/aIwiMCJ9YMU/hqdefault.jpg,"#shorts #bgmi #girlgamer #funnyshorts #update4.2 #fyp #explore #shortfeed 

❤️ Welcome, Amazing Viewers and Beloved Subscribers! ❤️
I'm Srijana Thakuri! 🌸
Subscribe to my channel for some funny & skil"
2026-03-20,YouTube,dRIhFqbvtLg,BGMI LIVE 🔴 HIGH KILLS ONLY 😈 #shortsfeed #live #bgmi #bgmilive #pubgmobile,BAWAL IS LIVE,https://www.youtube.com/watch?v=dRIhFqbvtLg,11615,451,0,2026-03-20T00:25:04Z,0,https://i.ytimg.com/vi/dRIhFqbvtLg/hqdefault_live.jpg,"Welcome to my BGMI LIVE STREAM 🔴
Today we are playing HIGH KILLS ONLY gameplay in BGMI (Battlegrounds Mobile India)

Make sure to LIKE 👍 SHARE 📤 and SUBSCRIBE ❤️
Turn on the notification bell 🔔 so you"
2026-03-21,YouTube,4GU0yhYKWPQ,FINALLY 4.3 UPDATE HERE SOLO VS SQUAD BGMI LIVE #shorts #shortsfeed #bgmi #bxpushpalive,BX PUSHPA LIVE ,https://www.youtube.com/watch?v=4GU0yhYKWPQ,52326,225,0,2026-03-21T00:31:39Z,0,https://i.ytimg.com/vi/4GU0yhYKWPQ/hqdefault_live.jpg,"SOLO VS SQUAD CONQUEROR PUSH🔥 #shorts #shortsfeed #bgmi #bxpushpalive 

Device: I phone 12 
Five Finger  
SOLO  🔥💀??
https://www.youtube.com/redirect?event=channel_description&redir_token=QUFFLUhqbHJD"
2026-03-21,YouTube,OBylWQ4odUs,🔴TRYING BGMI NEW UPDATE  ❤️🥰💗 #bgmi #bgmilive 💗,Miss Senorita,https://www.youtube.com/watch?v=OBylWQ4odUs,14031,329,0,2026-03-21T02:00:23Z,16836,https://i.ytimg.com/vi/OBylWQ4odUs/hqdefault.jpg,"https://www.youtube.com/channel/UCHjhEGwR8DG8MxhY8FdVWoA/join
 
linktree - https://linktr.ee/dollysadnani 

hey peeps! Thanks for joining ❤️and  Welcome to my channel Miss Senorita
first, I would love"
2026-03-21,YouTube,OUoEE3Vy1zU,BGMI 4.3 UPDATE || LETS PLAY WOW MODE || CREATORISLIVE #shortslive #livestream #bgmi,CREATORisLIVE,https://www.youtube.com/watch?v=OUoEE3Vy1zU,10033,144,0,2026-03-21T01:04:34Z,26289,https://i.ytimg.com/vi/OUoEE3Vy1zU/hqdefault.jpg,BGMI 4.3 UPDATE || LETS PLAY WOW MODE || CREATORISLIVE #shortslive #livestream #bgmi                                                                                                                    
2026-03-22,YouTube,cY38gEOAA2Q,LET'S  EXPLORE 4.3 UPDATE / BGMI LIVE /MARATHI HINDI / GAARA PLAYZ YT  #bgmi #bgmilive #shortsfeed,Gaara Playz,https://www.youtube.com/watch?v=cY38gEOAA2Q,58561,0,0,2026-03-22T00:12:50Z,29185,https://i.ytimg.com/vi/cY38gEOAA2Q/hqdefault.jpg,"Welcome To Gaara PLAYZ  YouTube Channel!

Make Sure to Like 👍 Share & Subscribe the Channel & Also Press the “🔔” icon to get notified for upcoming videos ❤️. Thankyou

⌚Watch frame is used ONLY for vi"
2026-03-22,YouTube,FU76L0sq7Jo,“🔥 BGMI NEW 4.2 UPDATE CLASSIC EXPLORE AND TDM ROOMS🔥 |  #bgmi #short #bgmilive #1v1room,Neptune is live ,https://www.youtube.com/watch?v=FU76L0sq7Jo,35490,511,0,2026-03-22T00:31:16Z,19744,https://i.ytimg.com/vi/FU76L0sq7Jo/hqdefault.jpg,"🗣 FOLLOW ME ON 
 
WHATSAPP = https://chat.whatsapp.com/Fj9vn0EMlHQ99BbdYyAdbT
INSTAGRAM 📷 = https://www.instagram.com/stymphalist._?igsh=MWU0dW9yNXFzbTdkaw==&utm_source=ig_contact_invite


YOUTUBE ▶ ="
2026-03-22,YouTube,St15TF6NCpc,ONLY RUSH GAMEPLAY😤 BGMI Live w Cutie❤️#bgmi #girlgamer #shorts #explore,CUTIE GAMING,https://www.youtube.com/watch?v=St15TF6NCpc,31422,710,1,2026-03-22T01:54:04Z,22956,https://i.ytimg.com/vi/St15TF6NCpc/hqdefault.jpg,"#shorts #bgmi #girlgamer #funnyshorts #update4.2 #fyp #explore #shortfeed 

❤️ Welcome, Amazing Viewers and Beloved Subscribers! ❤️
I'm Srijana Thakuri! 🌸
Subscribe to my channel for some funny & skil"
2026-03-22,YouTube,CfSIEeg2auc,Exploring BGMI 4.3 UPDATE 🔴HANDCAM 👌,Rajanya Gaming,https://www.youtube.com/watch?v=CfSIEeg2auc,14090,214,0,2026-03-22T03:35:40Z,10416,https://i.ytimg.com/vi/CfSIEeg2auc/hqdefault.jpg,"Device - IPAD PRO M4

#bgmi #bgmilive #shortslive










Join this channel to get access to perks:
https://www.youtube.com/channel/UCrKnM9h0zCgtnklu3on1Rnw/join"
2026-03-23,YouTube,rWqZuZ-Gz1M,“🔥 BGMI NEW 4.2 UPDATE CLASSIC EXPLORE AND TDM ROOMS🔥 |  #bgmi #short #bgmilive #1v1room,Neptune is live ,https://www.youtube.com/watch?v=rWqZuZ-Gz1M,33345,476,0,2026-03-23T00:31:48Z,19615,https://i.ytimg.com/vi/rWqZuZ-Gz1M/hqdefault.jpg,"🗣 FOLLOW ME ON 
 
WHATSAPP = https://chat.whatsapp.com/Fj9vn0EMlHQ99BbdYyAdbT
INSTAGRAM 📷 = https://www.instagram.com/stymphalist._?igsh=MWU0dW9yNXFzbTdkaw==&utm_source=ig_contact_invite


YOUTUBE ▶ ="
2026-03-23,YouTube,qa_SSHQ1YIA,PLATINUM TO CONQUEROR PUSH ☠️ | BGMI LIVE | 17 PRO MAX GAMEPLAY |#bgmi #shortsfeed #shorts,Rexxy Plays,https://www.youtube.com/watch?v=qa_SSHQ1YIA,32327,617,0,2026-03-23T02:08:42Z,26997,https://i.ytimg.com/vi/qa_SSHQ1YIA/hqdefault.jpg,"PLATINUM TO CONQUEROR PUSH ☠️ | BGMI LIVE | 17 PRO MAX GAMEPLAY |#bgmi #shortsfeed #pubgmobile 

Device - IPAD PRO M4 

Headphones - RAZER BLACKSHARK V2X USB
 
Screen mirror - Douwan vip
 ------------"
2026-03-23,YouTube,-DnUluB8-4o,🤩 BACK TO DAILY LIVE STREAM | BGMI LIVE #shortslive #shortfeed #bgmilive,Nyx is Live,https://www.youtube.com/watch?v=-DnUluB8-4o,24687,651,0,2026-03-23T00:03:45Z,22285,https://i.ytimg.com/vi/-DnUluB8-4o/hqdefault.jpg,"#shorts #shortsfeed #bgmilive #shortlive #pubgmobile #shortfeed 
Hello Everyone!
Welcome to my live stream
I Hope You Love It..!😊

Membership Link-  https://www.youtube.com/channel/UCcijeJJXpjQHKBiBvl"
2026-03-23,YouTube,rshm5UNQFh4,GOOD NEWS 😍 M416 Glacier Release Date | Next Ultimate Outfit Bgmi | Bgmi 4.3 Update | M4 Glacier,Gk Afroz,https://www.youtube.com/watch?v=rshm5UNQFh4,12329,1949,285,2026-03-23T02:45:00Z,626,https://i.ytimg.com/vi/rshm5UNQFh4/hqdefault.jpg,GOOD NEWS 😍 M416 Glacier Release Date | Next Ultimate Outfit Bgmi | Bgmi 4.3 Update | M4 Glacier
2026-03-24,YouTube,760qzs5QUfw,TOP 1 CONQUEROR RANK PUSH IN BGMI 🔥,Harshit Yt Live,https://www.youtube.com/watch?v=760qzs5QUfw,69902,291,0,2026-03-24T00:06:16Z,16656,https://i.ytimg.com/vi/760qzs5QUfw/hqdefault.jpg,"BGMI LIVE 🔥 Solo vs Squad Rush Gameplay | High Kills | Shorts Live

New Device :- iPad Pro M4 256 GB
Old Device :- ipad 8th gen 60 fps 6 years old iPad 🥲
Laptop Asus Tuf F15 :-  i5 12500h 16gb ram Rtx"
2026-03-24,YouTube,CFtHP3AHk0c,“🔥 BGMI NEW 4.2 UPDATE CLASSIC EXPLORE AND TDM ROOMS🔥 |  #bgmi #short #bgmilive #1v1room,Neptune is live ,https://www.youtube.com/watch?v=CFtHP3AHk0c,26108,334,0,2026-03-24T00:23:06Z,19605,https://i.ytimg.com/vi/CFtHP3AHk0c/hqdefault.jpg,"🗣 FOLLOW ME ON 
 
WHATSAPP = https://chat.whatsapp.com/Fj9vn0EMlHQ99BbdYyAdbT
INSTAGRAM 📷 = https://www.instagram.com/stymphalist._?igsh=MWU0dW9yNXFzbTdkaw==&utm_source=ig_contact_invite


YOUTUBE ▶ ="
2026-03-25,YouTube,tRGzUSRGwWA,FINALLY 4.3 UPDATE HERE SOLO VS SQUAD BGMI LIVE #shorts #shortsfeed #bgmi #bxpushpalive,BX PUSHPA LIVE ,https://www.youtube.com/watch?v=tRGzUSRGwWA,10509,25,0,2026-03-25T03:22:43Z,9241,https://i.ytimg.com/vi/tRGzUSRGwWA/hqdefault.jpg,"SOLO VS SQUAD CONQUEROR PUSH🔥 #shorts #shortsfeed #bgmi #bxpushpalive 

Device: I phone 12 
Five Finger  
SOLO  🔥💀??
https://www.youtube.com/redirect?event=channel_description&redir_token=QUFFLUhqbHJD"
2026-03-26,YouTube,HQyRg9hf3TQ,“🔥 BGMI NEW 4.2 UPDATE CLASSIC EXPLORE AND TDM ROOMS🔥 |  #bgmi #short #bgmilive #1v1room,Neptune is live ,https://www.youtube.com/watch?v=HQyRg9hf3TQ,32035,507,0,2026-03-26T00:42:53Z,20598,https://i.ytimg.com/vi/HQyRg9hf3TQ/hqdefault.jpg,"🗣 FOLLOW ME ON 
 
WHATSAPP = https://chat.whatsapp.com/Fj9vn0EMlHQ99BbdYyAdbT
INSTAGRAM 📷 = https://www.instagram.com/stymphalist._?igsh=MWU0dW9yNXFzbTdkaw==&utm_source=ig_contact_invite


YOUTUBE ▶ ="
2026-03-26,YouTube,jFLvLN8dOK0,FINALLY 4.3 UPDATE HERE SOLO VS SQUAD BGMI LIVE #shorts #shortsfeed #bgmi #bxpushpalive,BX PUSHPA LIVE ,https://www.youtube.com/watch?v=jFLvLN8dOK0,13139,65,0,2026-03-26T02:56:42Z,7583,https://i.ytimg.com/vi/jFLvLN8dOK0/hqdefault.jpg,"SOLO VS SQUAD CONQUEROR PUSH🔥 #shorts #shortsfeed #bgmi #bxpushpalive 

Device: I phone 12 
Five Finger  
SOLO  🔥💀??
https://www.youtube.com/redirect?event=channel_description&redir_token=QUFFLUhqbHJD"
2026-03-27,YouTube,3nvdzUbf4t0,Top 20 Conqueror Rank Push! 🤫🔥 | Rush Gameplay | FaceCam #bgmilive #girlgamer #shortsfeed,Aashi is live,https://www.youtube.com/watch?v=3nvdzUbf4t0,32229,974,0,2026-03-27T01:57:54Z,27499,https://i.ytimg.com/vi/3nvdzUbf4t0/hqdefault.jpg,"Hello everyone 💕 

I’m Aashi Pandey, a BGMI live Streamer/Gamer from Greater Noida. I do daily late-night streams, playing in top-tier Rank Push lobbies. If you like my game style, clutch moments, and"
2026-03-27,YouTube,9L1Rt_YRgl0,AGGRESSIVE RANK PUSH || BGMI LIVE WITH SKYLAA #bgmilive #shortsfeed #explore #girlgamer,SKYLAA is LIVE,https://www.youtube.com/watch?v=9L1Rt_YRgl0,21004,501,0,2026-03-27T01:02:15Z,25564,https://i.ytimg.com/vi/9L1Rt_YRgl0/hqdefault.jpg,"Heya,welcome to my channel 🤍 If you’re new here, make sure to   LIKE SHARE & SUBSCRIBE for the coolest ,craziest and funniest content. Your support means the everything to me! Also, check out my Insta"
2026-03-28,YouTube,TEKwqNzNMYQ,80000 UC CRATE OPENING || BGMI LIVE WITH SKYLAA #bgmilive #shortsfeed #explore #girlgamer,SKYLAA is LIVE,https://www.youtube.com/watch?v=TEKwqNzNMYQ,29095,583,0,2026-03-28T00:35:13Z,23530,https://i.ytimg.com/vi/TEKwqNzNMYQ/hqdefault.jpg,"Heya,welcome to my channel 🤍 If you’re new here, make sure to   LIKE SHARE & SUBSCRIBE for the coolest ,craziest and funniest content. Your support means the everything to me! Also, check out my Insta"
2026-03-28,YouTube,eeTxPFuGpck,PLATINUM TO CONQUEROR PUSH ☠️ | BGMI LIVE | 17 PRO MAX GAMEPLAY |#bgmi #shortsfeed #shorts #rankpush,Rexxy Plays,https://www.youtube.com/watch?v=eeTxPFuGpck,14703,397,0,2026-03-28T00:31:45Z,21511,https://i.ytimg.com/vi/eeTxPFuGpck/hqdefault.jpg,"PLATINUM TO CONQUEROR PUSH ☠️ | BGMI LIVE | 17 PRO MAX GAMEPLAY |#bgmi #shortsfeed #shorts #rankpush 

Device - IPAD PRO M4 

Headphones - RAZER BLACKSHARK V2X USB
 
Screen mirror - Douwan vip
 ------"
2026-03-28,YouTube,A_VmhCB6X9o,EXPLORE BGMI 4.3 UPDATE || LETS PLAY WOW MODE || CREATORISLIVE #shortslive #livestream #bgmi,CREATORisLIVE,https://www.youtube.com/watch?v=A_VmhCB6X9o,13810,171,0,2026-03-28T00:15:10Z,22713,https://i.ytimg.com/vi/A_VmhCB6X9o/hqdefault.jpg,EXPLORE BGMI 4.3 UPDATE || LETS PLAY WOW MODE || CREATORISLIVE #shortslive #livestream #bgmi                                                                                                            
2026-03-28,YouTube,zVnxb5WIXVg,1V1 STREAM - LATIFA IS LIVE - BGMI LIVE,Gaming with Latifa,https://www.youtube.com/watch?v=zVnxb5WIXVg,12322,593,2,2026-03-28T00:20:30Z,5348,https://i.ytimg.com/vi/zVnxb5WIXVg/hqdefault.jpg,#bgmilive #pubg #shortsfeed #shorts #pubgmobile #bgmi
2026-03-29,YouTube,E5I3rx33qYo,Overconfidence 😳 1vs1 Magic Mask Fight Real Life Gameplay #freefire #pubg #bgmi,kar98 Army,https://www.youtube.com/watch?v=E5I3rx33qYo,54566,5215,7,2026-03-29T00:30:00Z,88,https://i.ytimg.com/vi/E5I3rx33qYo/hqdefault.jpg,
2026-03-29,YouTube,-S3leHnbo98,AGGRESSIVE RANK PUSH || BGMI LIVE WITH SKYLAA #bgmilive #shortsfeed #explore #girlgamer,SKYLAA is LIVE,https://www.youtube.com/watch?v=-S3leHnbo98,28563,573,0,2026-03-29T01:07:04Z,25495,https://i.ytimg.com/vi/-S3leHnbo98/hqdefault.jpg,"Heya,welcome to my channel 🤍 If you’re new here, make sure to   LIKE SHARE & SUBSCRIBE for the coolest ,craziest and funniest content. Your support means the everything to me! Also, check out my Insta"
2026-03-29,YouTube,PsOWaZ2q2wQ,PLATINUM TO CONQUEROR PUSH ☠️ | BGMI LIVE | 17 PRO MAX GAMEPLAY |#bgmi #shortsfeed #shorts #rankpush,Rexxy Plays,https://www.youtube.com/watch?v=PsOWaZ2q2wQ,16197,390,0,2026-03-29T00:26:46Z,21616,https://i.ytimg.com/vi/PsOWaZ2q2wQ/hqdefault.jpg,"PLATINUM TO CONQUEROR PUSH ☠️ | BGMI LIVE | 17 PRO MAX GAMEPLAY |#bgmi #shortsfeed #shorts #rankpush 

Device - IPAD PRO M4 

Headphones - RAZER BLACKSHARK V2X USB
 
Screen mirror - Douwan vip
 ------"
2026-03-29,YouTube,rWjdYDIu4a0,Day 7 | Solo vs Squad Winter Update 4.2 Rank push to Conqueror #gaming #pubgmobile #pubgm #rankpush,Kalua Gaming,https://www.youtube.com/watch?v=rWjdYDIu4a0,12747,417,0,2026-03-29T00:18:11Z,17141,https://i.ytimg.com/vi/rWjdYDIu4a0/hqdefault.jpg,"Thank for watching.
If you like the video, please don't forget to like it you can subscribe and turn on notifications for more videos for free.
BGMI ID: 5316600797
------------------------------------"
2026-03-29,YouTube,SiV5KXZYAsc,M416 GLACIER NEW TRICK 😍 Next Ultimate Outfit Bgmi | How to Get M416 Glacier in Bgmi | Cricket,Gk Afroz,https://www.youtube.com/watch?v=SiV5KXZYAsc,12214,2156,337,2026-03-29T02:45:00Z,452,https://i.ytimg.com/vi/SiV5KXZYAsc/hqdefault.jpg,"M416 GLACIER NEW TRICK 😍 Next Ultimate Outfit Bgmi | How to Get M416 Glacier in Bgmi | Cricket

AA JAAO M4 GLACIER - https://t.me/GkAfroz


Instagram :- https://instagram.com/gk_afroz/




About Video"
2026-03-29,YouTube,n30TLn1Q-bQ,(vertical) PUBG mobile hand cam  in 15 pro max live  #pubgmobile#bgmi#handcam,NePub,https://www.youtube.com/watch?v=n30TLn1Q-bQ,10018,93,0,2026-03-29T01:19:14Z,8412,https://i.ytimg.com/vi/n30TLn1Q-bQ/hqdefault.jpg,Welcome to my live
2026-03-30,YouTube,Eo4BgE--7II,TOP 1 CONQUEROR RANK PUSH IN BGMI 🔥,Harshit Yt Live,https://www.youtube.com/watch?v=Eo4BgE--7II,92126,378,0,2026-03-30T02:00:41Z,22946,https://i.ytimg.com/vi/Eo4BgE--7II/hqdefault.jpg,"BGMI LIVE 🔥 Solo vs Squad Rush Gameplay | High Kills | Shorts Live

New Device :- iPad Pro M4 256 GB
Old Device :- ipad 8th gen 60 fps 6 years old iPad 🥲
Laptop Asus Tuf F15 :-  i5 12500h 16gb ram Rtx"
2026-03-30,YouTube,JEK99JVAZbo,“🔥 BGMI NEW 4.3 UPDATE CLASSIC EXPLORE AND TDM ROOMS🔥 |  #bgmi #short #bgmilive #1v1room,Neptune is live ,https://www.youtube.com/watch?v=JEK99JVAZbo,34035,424,0,2026-03-30T00:47:32Z,20467,https://i.ytimg.com/vi/JEK99JVAZbo/hqdefault.jpg,"🗣 FOLLOW ME ON 
 
WHATSAPP = https://chat.whatsapp.com/Fj9vn0EMlHQ99BbdYyAdbT
INSTAGRAM 📷 = https://www.instagram.com/stymphalist._?igsh=MWU0dW9yNXFzbTdkaw==&utm_source=ig_contact_invite


YOUTUBE ▶ ="
2026-03-30,YouTube,0i6d24jIvso,1v1 with sub Aggressive Gameplay ultimate Royal 😯🔥 |SOLU AMAN YT| #shorts #bgmilive #pubglive,SOLU_AMAN_YT,https://www.youtube.com/watch?v=0i6d24jIvso,15782,340,0,2026-03-30T00:05:04Z,14571,https://i.ytimg.com/vi/0i6d24jIvso/hqdefault_live.jpg,"@SOLU_AMAN_YT  #sevon #bgmi #LoLzZz Gaming  #clutch #1v4 #pubg #funnymoments #SOLUAMANYT 
#1v3 
#bgmiindia #bgmi #pubg #pubgmobile #bgmimemes #bgmindia #bgmilovers #pubgindia #pubgclips #pubgmobileind"
2026-03-30,YouTube,EEEn5xw3lVA,PLATINUM TO CONQUEROR PUSH ☠️ | BGMI LIVE | 17 PRO MAX GAMEPLAY |#bgmi #shortsfeed #shorts #rankpush,Rexxy Plays,https://www.youtube.com/watch?v=EEEn5xw3lVA,15510,369,0,2026-03-30T00:30:40Z,21747,https://i.ytimg.com/vi/EEEn5xw3lVA/hqdefault.jpg,"PLATINUM TO CONQUEROR PUSH ☠️ | BGMI LIVE | 17 PRO MAX GAMEPLAY |#bgmi #shortsfeed #shorts #rankpush 

Device - IPAD PRO M4 

Headphones - RAZER BLACKSHARK V2X USB
 
Screen mirror - Douwan vip
 ------"
2026-03-31,YouTube,790qp97CyLU,TOP 1 CONQUEROR RANK PUSH IN BGMI 🔥,Harshit Yt Live,https://www.youtube.com/watch?v=790qp97CyLU,68825,299,0,2026-03-31T00:15:47Z,17529,https://i.ytimg.com/vi/790qp97CyLU/hqdefault.jpg,"BGMI LIVE 🔥 Solo vs Squad Rush Gameplay | High Kills | Shorts Live

New Device :- iPad Pro M4 256 GB
Old Device :- ipad 8th gen 60 fps 6 years old iPad 🥲
Laptop Asus Tuf F15 :-  i5 12500h 16gb ram Rtx"
2026-03-31,YouTube,j-pxlASQQTo,HILL CLIMB RACE NEW SATGE CHALLENGE @M_YADAV_is_LIVE  @ANSARIISLIVE6  #bgmi  #1V3M24,ANSARIISLIVE6,https://www.youtube.com/watch?v=j-pxlASQQTo,50081,394,0,2026-03-31T02:55:16Z,3625,https://i.ytimg.com/vi/j-pxlASQQTo/hqdefault.jpg,"1V3 WIN ROYAL PASS @M YADAV IS LIVE @ANSARI IS LIVE
#bgmi #pubgmobile #shorts #shortvideo #1v4 #1vs4 #battlegroundmobileindia #bgmiindia #livestream #shortlive @ANSARIISLIVE #bgmishorts"
2026-03-31,YouTube,CjZHamKG0aM,“🔥 BGMI NEW 4.3 UPDATE CLASSIC EXPLORE AND TDM ROOMS🔥 |  #bgmi #short #bgmilive #1v1room,Neptune is live ,https://www.youtube.com/watch?v=CjZHamKG0aM,25821,307,0,2026-03-31T00:34:56Z,17964,https://i.ytimg.com/vi/CjZHamKG0aM/hqdefault.jpg,"🗣 FOLLOW ME ON 
 
WHATSAPP = https://chat.whatsapp.com/Fj9vn0EMlHQ99BbdYyAdbT
INSTAGRAM 📷 = https://www.instagram.com/stymphalist._?igsh=MWU0dW9yNXFzbTdkaw==&utm_source=ig_contact_invite


YOUTUBE ▶ ="
2026-03-31,YouTube,CILoOAwNjp0,ONLY RUSH GAMEPLAY😤 BGMI Live w Cutie❤️#bgmi #girlgamer #shorts #explore,CUTIE GAMING,https://www.youtube.com/watch?v=CILoOAwNjp0,20210,514,2,2026-03-31T01:52:09Z,16279,https://i.ytimg.com/vi/CILoOAwNjp0/hqdefault.jpg,"#shorts #bgmi #girlgamer #funnyshorts #update4.2 #fyp #explore #shortfeed 

❤️ Welcome, Amazing Viewers and Beloved Subscribers! ❤️
I'm Srijana Thakuri! 🌸
Subscribe to my channel for some funny & skil"
2026-04-01,YouTube,XX4Gu5non94,TOP 1 CONQUEROR RANK PUSH IN BGMI 🔥,Harshit Yt Live,https://www.youtube.com/watch?v=XX4Gu5non94,41203,815,0,2026-04-01T00:38:28Z,18701,https://i.ytimg.com/vi/XX4Gu5non94/hqdefault.jpg,"BGMI LIVE 🔥 Solo vs Squad Rush Gameplay | High Kills | Shorts Live

New Device :- iPad Pro M4 256 GB
Old Device :- ipad 8th gen 60 fps 6 years old iPad 🥲
Laptop Asus Tuf F15 :-  i5 12500h 16gb ram Rtx"
2026-04-01,YouTube,tOWgliMRxjw,“🔥 BGMI NEW 4.3 UPDATE CLASSIC EXPLORE AND TDM ROOMS🔥 |  #bgmi #short #bgmilive #1v1room,Neptune is live ,https://www.youtube.com/watch?v=tOWgliMRxjw,31844,543,0,2026-04-01T01:50:02Z,23412,https://i.ytimg.com/vi/tOWgliMRxjw/hqdefault.jpg,"🗣 FOLLOW ME ON 
 
WHATSAPP = https://chat.whatsapp.com/Fj9vn0EMlHQ99BbdYyAdbT
INSTAGRAM 📷 = https://www.instagram.com/stymphalist._?igsh=MWU0dW9yNXFzbTdkaw==&utm_source=ig_contact_invite


YOUTUBE ▶ ="
2026-04-01,YouTube,OrS2TKRx8A8,🔴 Let's Play With Subscribers!🔥 #bgmilive #shorts #shortsfeed #bgmi,Saten Is Live,https://www.youtube.com/watch?v=OrS2TKRx8A8,24686,0,0,2026-04-01T00:26:05Z,15636,https://i.ytimg.com/vi/OrS2TKRx8A8/hqdefault.jpg,"Welcome to the Ultimate BGMI Fun Live Stream! 🎮
Get ready for non-stop action, crazy clutches, unexpected moments, and full-on entertainment! Whether you're here for pro gameplay, hilarious commentary"
2026-04-01,YouTube,WKwANu_Z4OY,AGGRESSIVE RANK PUSH || BGMI LIVE WITH SKYLAA #bgmilive #shortsfeed #explore #girlgamer,SKYLAA is LIVE,https://www.youtube.com/watch?v=WKwANu_Z4OY,18387,540,0,2026-04-01T00:57:35Z,24472,https://i.ytimg.com/vi/WKwANu_Z4OY/hqdefault.jpg,"Heya,welcome to my channel 🤍 If you’re new here, make sure to   LIKE SHARE & SUBSCRIBE for the coolest ,craziest and funniest content. Your support means the everything to me! Also, check out my Insta"
2026-04-02,YouTube,E8ikVO_ShdY,TOP 1 CONQUEROR RANK PUSH IN BGMI 🔥,Harshit Yt Live,https://www.youtube.com/watch?v=E8ikVO_ShdY,58359,236,0,2026-04-02T00:49:24Z,18241,https://i.ytimg.com/vi/E8ikVO_ShdY/hqdefault.jpg,"BGMI LIVE 🔥 Solo vs Squad Rush Gameplay | High Kills | Shorts Live

New Device :- iPad Pro M4 256 GB
Old Device :- ipad 8th gen 60 fps 6 years old iPad 🥲
Laptop Asus Tuf F15 :-  i5 12500h 16gb ram Rtx"
2026-04-02,YouTube,nwXHnGg7SyQ,Overconfidence 😱 1vs1 Time Stop Funny Real Life Gameplay #freefire #bgmi #pubg,kar98 Army,https://www.youtube.com/watch?v=nwXHnGg7SyQ,57070,2160,5,2026-04-02T00:30:47Z,91,https://i.ytimg.com/vi/nwXHnGg7SyQ/hqdefault.jpg,
2026-04-02,YouTube,aIIq0m2JM6I,AGGRESSIVE RANK PUSH || BGMI LIVE WITH SKYLAA #bgmilive #shortsfeed #explore #girlgamer,SKYLAA is LIVE,https://www.youtube.com/watch?v=aIIq0m2JM6I,29504,502,0,2026-04-02T00:32:57Z,24107,https://i.ytimg.com/vi/aIIq0m2JM6I/hqdefault.jpg,"Heya,welcome to my channel 🤍 If you’re new here, make sure to   LIKE SHARE & SUBSCRIBE for the coolest ,craziest and funniest content. Your support means the everything to me! Also, check out my Insta"
2026-04-02,YouTube,EafnYNUwCsI,BGMI 4.2 HIGH KILLS ONLY | ReflexWalaXD | #shortsfeed #live #bgmi #bgmilive #pubgmobile,ReflexWalaXD,https://www.youtube.com/watch?v=EafnYNUwCsI,26868,445,0,2026-04-02T00:11:20Z,13645,https://i.ytimg.com/vi/EafnYNUwCsI/hqdefault.jpg,"Subscribe to my channel - https://www.youtube.com/@ReflexWalaXD?sub_confirmation=1
Follow me on Instagram - https://instagram.com/reflexwalaxd

Gaming Device - iPad Pro M2 (2022)
Streaming Device -  M"
2026-04-02,YouTube,RoitYKfCpwY,🔴BGMI HOJYE ? ❤️🥰💗 #bgmi #bgmilive 💗,Miss Senorita,https://www.youtube.com/watch?v=RoitYKfCpwY,18441,424,0,2026-04-02T01:18:15Z,19784,https://i.ytimg.com/vi/RoitYKfCpwY/hqdefault.jpg,"https://www.youtube.com/channel/UCHjhEGwR8DG8MxhY8FdVWoA/join
 
linktree - https://linktr.ee/dollysadnani 

hey peeps! Thanks for joining ❤️and  Welcome to my channel Miss Senorita
first, I would love"
2026-04-03,YouTube,J6vwFzpQdPE,AGGRESSIVE RANK PUSH || BGMI LIVE WITH SKYLAA #bgmilive #shortsfeed #explore #girlgamer,SKYLAA is LIVE,https://www.youtube.com/watch?v=J6vwFzpQdPE,38180,623,0,2026-04-03T01:11:36Z,26286,https://i.ytimg.com/vi/J6vwFzpQdPE/hqdefault.jpg,"Heya,welcome to my channel 🤍 If you’re new here, make sure to   LIKE SHARE & SUBSCRIBE for the coolest ,craziest and funniest content. Your support means the everything to me! Also, check out my Insta"
2026-04-03,YouTube,dtV0GV1pt-4,BGMI LIVE 🔴 HIGH KILLS ONLY 😈 #shortsfeed #live #bgmi #bgmilive #pubgmobile,BAWAL IS LIVE,https://www.youtube.com/watch?v=dtV0GV1pt-4,19520,413,0,2026-04-03T00:25:09Z,0,https://i.ytimg.com/vi/dtV0GV1pt-4/hqdefault_live.jpg,"Welcome to my BGMI LIVE STREAM 🔴
Today we are playing HIGH KILLS ONLY gameplay in BGMI (Battlegrounds Mobile India)

Make sure to LIKE 👍 SHARE 📤 and SUBSCRIBE ❤️
Turn on the notification bell 🔔 so you"
2026-04-04,YouTube,GjHmiCvCljA,TOP 1 CONQUEROR RANK PUSH IN BGMI 🔥,Harshit Yt Live,https://www.youtube.com/watch?v=GjHmiCvCljA,115020,519,0,2026-04-04T02:03:04Z,22683,https://i.ytimg.com/vi/GjHmiCvCljA/hqdefault.jpg,"BGMI LIVE 🔥 Solo vs Squad Rush Gameplay | High Kills | Shorts Live

New Device :- iPad Pro M4 256 GB
Old Device :- ipad 8th gen 60 fps 6 years old iPad 🥲
Laptop Asus Tuf F15 :-  i5 12500h 16gb ram Rtx"
2026-04-04,YouTube,8hvrFv1rZL0,LET'S  EXPLORE 4.3 UPDATE / BGMI LIVE /MARATHI HINDI / GAARA PLAYZ YT  #bgmi #bgmilive #shortsfeed,Gaara Playz,https://www.youtube.com/watch?v=8hvrFv1rZL0,32316,0,0,2026-04-04T00:28:36Z,31862,https://i.ytimg.com/vi/8hvrFv1rZL0/hqdefault.jpg,"Welcome To Gaara PLAYZ  YouTube Channel!

Make Sure to Like 👍 Share & Subscribe the Channel & Also Press the “🔔” icon to get notified for upcoming videos ❤️. Thankyou

⌚Watch frame is used ONLY for vi"
2026-04-04,YouTube,RAhvb6x8US8,PLATINUM TO CONQUEROR PUSH 🔥 | BGMI LIVE | 17 PRO MAX GAMEPLAY |#bgmi #shortsfeed #shorts #rankpush,Rexxy Plays,https://www.youtube.com/watch?v=RAhvb6x8US8,22128,522,0,2026-04-04T01:39:00Z,25137,https://i.ytimg.com/vi/RAhvb6x8US8/hqdefault.jpg,"PLATINUM TO CONQUEROR PUSH 🔥 | BGMI LIVE | 17 PRO MAX GAMEPLAY |#bgmi #shortsfeed #shorts #rankpush 

Device -17 PRO MAX

Headphones - RAZER BLACKSHARK V2X USB
 
Screen mirror - Douwan vip
 ----------"
2026-04-04,YouTube,ocVjQUfBeIY,🔥HIGH KILLS IN CONQUEROR LOBBY | BGMI LIVE | UPMAX #shorts #bgmilive #shortslive,UPMAX YT,https://www.youtube.com/watch?v=ocVjQUfBeIY,18324,642,0,2026-04-04T00:36:16Z,16986,https://i.ytimg.com/vi/ocVjQUfBeIY/hqdefault.jpg,"Thanks for watching ❤️  
Insta - ig_upmax
DEVICE - iPHONE 15"
2026-04-05,YouTube,bGBJP7XdSI0,TOP 1 CONQUEROR RANK PUSH IN BGMI 🔥,Harshit Yt Live,https://www.youtube.com/watch?v=bGBJP7XdSI0,62804,222,0,2026-04-05T00:13:00Z,17099,https://i.ytimg.com/vi/bGBJP7XdSI0/hqdefault.jpg,"BGMI LIVE 🔥 Solo vs Squad Rush Gameplay | High Kills | Shorts Live

New Device :- iPad Pro M4 256 GB
Old Device :- ipad 8th gen 60 fps 6 years old iPad 🥲
Laptop Asus Tuf F15 :-  i5 12500h 16gb ram Rtx"
2026-04-05,YouTube,GK8ayqfiyh0,AGGRESSIVE RANK PUSH || BGMI LIVE WITH SKYLAA #bgmilive #shortsfeed #explore #girlgamer,SKYLAA is LIVE,https://www.youtube.com/watch?v=GK8ayqfiyh0,19987,568,0,2026-04-05T00:35:46Z,26849,https://i.ytimg.com/vi/GK8ayqfiyh0/hqdefault.jpg,"Heya,welcome to my channel 🤍 If you’re new here, make sure to   LIKE SHARE & SUBSCRIBE for the coolest ,craziest and funniest content. Your support means the everything to me! Also, check out my Insta"
2026-04-05,YouTube,lc2He078cl4,4.3 UPDATE BGMI LIVE | BGMI NEW UPDATE 4.3 || CREATORISLIVE || #shortslive #livestream #bgmi,CREATORisLIVE,https://www.youtube.com/watch?v=lc2He078cl4,15257,134,0,2026-04-05T00:13:37Z,21163,https://i.ytimg.com/vi/lc2He078cl4/hqdefault.jpg,"4.3 UPDATE BGMI LIVE | BGMI NEW UPDATE 4.3 || CREATORISLIVE || #shortslive #livestream #bgmi 

BGMI2.8 UPDATE 
BGMI 2.7 UPDATE
BGMI 4.3 UPDATE
LIVESTREAM 
BGMI LIVESTREAM 
BGMI GAMEPLAY 
BGMI ROOM 1V1"
2026-04-06,YouTube,iZwM55qxXQ4,TOP 1 CONQUEROR RANK PUSH IN BGMI 🔥,Harshit Yt Live,https://www.youtube.com/watch?v=iZwM55qxXQ4,36655,118,0,2026-04-06T02:20:59Z,7911,https://i.ytimg.com/vi/iZwM55qxXQ4/hqdefault.jpg,"BGMI LIVE 🔥 Solo vs Squad Rush Gameplay | High Kills | Shorts Live

New Device :- iPad Pro M4 256 GB
Old Device :- ipad 8th gen 60 fps 6 years old iPad 🥲
Laptop Asus Tuf F15 :-  i5 12500h 16gb ram Rtx"
2026-04-06,YouTube,zT090kt-LLU,🔥HIGH KILLS IN CONQUEROR LOBBY | BGMI LIVE | UPMAX #shorts #bgmilive #shortslive,UPMAX YT,https://www.youtube.com/watch?v=zT090kt-LLU,17140,775,0,2026-04-06T00:15:28Z,15517,https://i.ytimg.com/vi/zT090kt-LLU/hqdefault.jpg,"Thanks for watching ❤️  
Insta - ig_upmax
DEVICE - iPHONE 15"
2026-04-06,YouTube,hlGO7CXtXaU,(vertical) PUBG mobile hand cam  in 15 pro max live  #pubgmobile#bgmi#handcam,NePub,https://www.youtube.com/watch?v=hlGO7CXtXaU,12501,78,2,2026-04-06T01:01:47Z,7988,https://i.ytimg.com/vi/hlGO7CXtXaU/hqdefault.jpg,Welcome to my live
2026-04-07,YouTube,4UqnnyJsLzs,#1 NON GYRO PLAYER #bgmi #pubg #shortsfeed #mrbeast #bgmilive #pubgm #pubglive,PENCIL IS LIVE,https://www.youtube.com/watch?v=4UqnnyJsLzs,23653,215,0,2026-04-07T00:24:13Z,10637,https://i.ytimg.com/vi/4UqnnyJsLzs/hqdefault.jpg,"**Device** IPad Pro M4
I play BGMI and PUBG with Pencil.

#pubglive #bgmilive #shortsfeed #shorts #shortslivestream #live 














bgmi, bgmi live, bgmi ipad, live bgmi, bgmi tips, bgmi news, bg"
2026-04-07,YouTube,sAxXxVo0tTM,ONLY RUSH GAMEPLAY😤 BGMI Live w Cutie❤️#bgmi #girlgamer #shorts #explore,CUTIE GAMING,https://www.youtube.com/watch?v=sAxXxVo0tTM,23005,718,0,2026-04-07T00:55:20Z,24199,https://i.ytimg.com/vi/sAxXxVo0tTM/hqdefault.jpg,"#shorts #bgmi #girlgamer #funnyshorts #update4.2 #fyp #explore #shortfeed 

❤️ Welcome, Amazing Viewers and Beloved Subscribers! ❤️
I'm Srijana Thakuri! 🌸
Subscribe to my channel for some funny & skil"
2026-04-08,YouTube,pn1OrusBM5s,TOP 1 CONQUEROR RANK PUSH IN BGMI 🔥,Harshit Yt Live,https://www.youtube.com/watch?v=pn1OrusBM5s,79278,300,0,2026-04-08T01:02:34Z,20022,https://i.ytimg.com/vi/pn1OrusBM5s/hqdefault.jpg,"BGMI LIVE 🔥 Solo vs Squad Rush Gameplay | High Kills | Shorts Live

New Device :- iPad Pro M4 256 GB
Old Device :- ipad 8th gen 60 fps 6 years old iPad 🥲
Laptop Asus Tuf F15 :-  i5 12500h 16gb ram Rtx"
2026-04-08,YouTube,7pJsIuWvX0Y,Zero finger Gameplay #shortsfeed #bgmilive #pubglive #jonathangaming #bgmi,MANFSTER,https://www.youtube.com/watch?v=7pJsIuWvX0Y,36041,1526,0,2026-04-08T00:06:33Z,20272,https://i.ytimg.com/vi/7pJsIuWvX0Y/hqdefault.jpg,"#gaming  #bgmi  #bgmilive  #giveaway  #gameplaywithouthands  #pubg  #manfster 

➤ Become a Member: https://www.youtube.com/channel/UCGCAa5EH4Miy6PPAl66BTQA/join

★★ SUPPORT VIA GPAY / PHONE PE / PAYTM"
2026-04-08,YouTube,CdvJTf2DIDg,“🔥 BGMI NEW 4.3 UPDATE CLASSIC EXPLORE AND TDM ROOMS🔥 |  #bgmi #short #bgmilive #1v1room,Neptune is live ,https://www.youtube.com/watch?v=CdvJTf2DIDg,21435,317,0,2026-04-08T00:52:33Z,20552,https://i.ytimg.com/vi/CdvJTf2DIDg/hqdefault.jpg,"🗣 FOLLOW ME ON 
 
WHATSAPP = https://chat.whatsapp.com/Fj9vn0EMlHQ99BbdYyAdbT
INSTAGRAM 📷 = https://www.instagram.com/stymphalist._?igsh=MWU0dW9yNXFzbTdkaw==&utm_source=ig_contact_invite


YOUTUBE ▶ ="
2026-04-08,YouTube,l3aYxzJSeMY,ONLY RUSH GAMEPLAY😤 BGMI Live w Cutie❤️#bgmi #girlgamer #shorts #explore,CUTIE GAMING,https://www.youtube.com/watch?v=l3aYxzJSeMY,20559,587,0,2026-04-08T00:36:12Z,22001,https://i.ytimg.com/vi/l3aYxzJSeMY/hqdefault.jpg,"#shorts #bgmi #girlgamer #funnyshorts #update4.2 #fyp #explore #shortfeed 

❤️ Welcome, Amazing Viewers and Beloved Subscribers! ❤️
I'm Srijana Thakuri! 🌸
Subscribe to my channel for some funny & skil"
2026-04-09,YouTube,scWJjicHw9M,🔴BGMI LIVE TLUGU🔥 SON & FATHER DUO vs SQAED #shortslive #pubglive #bgmilive #shortsfeed #anuislive,ANU IS LIVE ,https://www.youtube.com/watch?v=scWJjicHw9M,16438,283,0,2026-04-09T00:56:26Z,10886,https://i.ytimg.com/vi/scWJjicHw9M/hqdefault.jpg,"🔴BGMI LIVE TLUGU🔥 SON & FATHER DUO vs SQAED #shortslive #pubglive #bgmilive #shortsfeed #anuislive

Nwe Video =     https://youtu.be/jyzNpGL8XCo?si=V6IW9loMrojMIZqG

Ready to take your BGMI live strea"
2026-04-10,YouTube,wJfYMHVv3Og,(vertical) PUBG mobile hand cam  in 15 pro max live  #pubgmobile#bgmi#handcam,NePub,https://www.youtube.com/watch?v=wJfYMHVv3Og,17946,106,0,2026-04-10T02:12:24Z,11183,https://i.ytimg.com/vi/wJfYMHVv3Og/hqdefault.jpg,Welcome to my live
2026-04-11,YouTube,F44YTre17Vs,AGGRESSIVE RANK PUSH || BGMI LIVE WITH SKYLAA #bgmilive #shortsfeed #explore #girlgamer,SKYLAA is LIVE,https://www.youtube.com/watch?v=F44YTre17Vs,13990,433,0,2026-04-11T02:13:24Z,27956,https://i.ytimg.com/vi/F44YTre17Vs/hqdefault.jpg,"Heya,welcome to my channel 🤍 If you’re new here, make sure to   LIKE SHARE & SUBSCRIBE for the coolest ,craziest and funniest content. Your support means the everything to me! Also, check out my Insta"
2026-04-12,YouTube,PbmS04tTpL0,“🔥 BGMI NEW 4.3 UPDATE CLASSIC EXPLORE AND TDM ROOMS🔥 |  #bgmi #short #bgmilive #1v1room,Neptune is live ,https://www.youtube.com/watch?v=PbmS04tTpL0,26729,333,0,2026-04-12T00:16:38Z,19111,https://i.ytimg.com/vi/PbmS04tTpL0/hqdefault.jpg,"🗣 FOLLOW ME ON 
 
WHATSAPP = https://chat.whatsapp.com/Fj9vn0EMlHQ99BbdYyAdbT
INSTAGRAM 📷 = https://www.instagram.com/stymphalist._?igsh=MWU0dW9yNXFzbTdkaw==&utm_source=ig_contact_invite


YOUTUBE ▶ ="
2026-04-12,YouTube,Qc_x3voNiEk,AGGRESSIVE RANK PUSH || BGMI LIVE WITH SKYLAA #bgmilive #shortsfeed #explore #girlgamer,SKYLAA is LIVE,https://www.youtube.com/watch?v=Qc_x3voNiEk,15617,447,0,2026-04-12T01:44:39Z,28186,https://i.ytimg.com/vi/Qc_x3voNiEk/hqdefault.jpg,"Heya,welcome to my channel 🤍 If you’re new here, make sure to   LIKE SHARE & SUBSCRIBE for the coolest ,craziest and funniest content. Your support means the everything to me! Also, check out my Insta"
2026-04-13,YouTube,NyxEkfGYsQI,FINALLY 4.3 UPDATE HERE SOLO VS SQUAD BGMI LIVE #shorts #shortsfeed #bgmi #bxpushpalive,BX PUSHPA LIVE ,https://www.youtube.com/watch?v=NyxEkfGYsQI,38730,0,0,2026-04-13T00:52:09Z,0,https://i.ytimg.com/vi/NyxEkfGYsQI/hqdefault_live.jpg,"FINALLY 4.3 UPDATE HERE SOLO VS SQUAD BGMI LIVE #shorts #shortsfeed #bgmi #bxpushpalive

Device: I phone 12 
Five Finger  
SOLO  🔥💀??

Subscribe more guys  🥰￼￼

🏷️ Tags ••••••

#bgmi #pubg #shortfeed "
2026-04-13,YouTube,Auw7tWHSia4,ONLY RUSH GAMEPLAY😤 BGMI Live w Cutie❤️#bgmi #girlgamer #shorts #explore,CUTIE GAMING,https://www.youtube.com/watch?v=Auw7tWHSia4,26031,667,0,2026-04-13T00:37:56Z,23491,https://i.ytimg.com/vi/Auw7tWHSia4/hqdefault.jpg,"#shorts #bgmi #girlgamer #funnyshorts #update4.2 #fyp #explore #shortfeed 

❤️ Welcome, Amazing Viewers and Beloved Subscribers! ❤️
I'm Srijana Thakuri! 🌸
Subscribe to my channel for some funny & skil"
2026-04-13,YouTube,NTVDV7d8cNE,AGGRESSIVE RANK PUSH || BGMI LIVE WITH SKYLAA #bgmilive #shortsfeed #explore #girlgamer,SKYLAA is LIVE,https://www.youtube.com/watch?v=NTVDV7d8cNE,12411,456,0,2026-04-13T00:03:26Z,21885,https://i.ytimg.com/vi/NTVDV7d8cNE/hqdefault.jpg,"Heya,welcome to my channel 🤍 If you’re new here, make sure to   LIKE SHARE & SUBSCRIBE for the coolest ,craziest and funniest content. Your support means the everything to me! Also, check out my Insta"
2026-04-13,YouTube,C0NiOrDnX6k,Easy X-Suit Crate Opening 🤩 #bgmi #pubgmobile #phoenixtraxsuit,Dynamo Gaming,https://www.youtube.com/watch?v=C0NiOrDnX6k,11021,1480,44,2026-04-13T02:47:44Z,100,https://i.ytimg.com/vi/C0NiOrDnX6k/hqdefault.jpg,
2026-04-13,YouTube,vLGU5UZUTTc,M4 GLACIER UNLOCK 😍  M416 Glacier in Classic Crate Bgmi | How to Get Glacier M416 Skin in Bgmi ,Gk Afroz,https://www.youtube.com/watch?v=vLGU5UZUTTc,10076,1710,167,2026-04-13T02:45:00Z,586,https://i.ytimg.com/vi/vLGU5UZUTTc/hqdefault.jpg,"M4 GLACIER UNLOCK 😍  M416 Glacier in Classic Crate Bgmi | How to Get Glacier M416 Skin in Bgmi

AA JAAO TELEGRAM Me - https://t.me/GkAfroz


Instagram :- https://instagram.com/gk_afroz/




About Vide"
2026-04-14,YouTube,iOvuySEzsjI,PC CRASHHHHHHHH🔥 | JANWAR GAMEPLAY | WMAX | BGMI LIVE,Max Gaming,https://www.youtube.com/watch?v=iOvuySEzsjI,87376,4446,23,2026-04-14T00:09:20Z,14081,https://i.ytimg.com/vi/iOvuySEzsjI/hqdefault.jpg,"Device - Iphone 16 pro max.
Headphones - Iphone wired.

Here you watching pure 2018’s player gameplay of Wmax !! 

Mail ✉️ - Growwithmax6@gmail.com
Instagram - wmaxfromhell / https://www.instagram.com"
2026-04-15,YouTube,6c-LbHrPQIk,ONLY RUSH GAMEPLAY😤 BGMI Live w Cutie❤️#bgmi #girlgamer #shorts #explore,CUTIE GAMING,https://www.youtube.com/watch?v=6c-LbHrPQIk,30766,754,1,2026-04-15T00:46:30Z,23854,https://i.ytimg.com/vi/6c-LbHrPQIk/hqdefault.jpg,"#shorts #bgmi #girlgamer #funnyshorts #update4.2 #fyp #explore #shortfeed 

❤️ Welcome, Amazing Viewers and Beloved Subscribers! ❤️
I'm Srijana Thakuri! 🌸
Subscribe to my channel for some funny & skil"
2026-04-15,YouTube,CB3_LRTBdEk,1v1 with sub Aggressive Gameplay ultimate Royal 😯🔥 |SOLU AMAN YT| #shorts #bgmilive #pubglive,SOLU_AMAN_YT,https://www.youtube.com/watch?v=CB3_LRTBdEk,12965,304,0,2026-04-15T00:15:39Z,0,https://i.ytimg.com/vi/CB3_LRTBdEk/hqdefault_live.jpg,"@SOLU_AMAN_YT  #sevon #bgmi #LoLzZz Gaming  #clutch #1v4 #pubg #funnymoments #SOLUAMANYT 
#1v3 
#bgmiindia #bgmi #pubg #pubgmobile #bgmimemes #bgmindia #bgmilovers #pubgindia #pubgclips #pubgmobileind"
2026-04-16,YouTube,vi4HTvH_RDM,LEGEND IN CONQUEROR LOBBY| DUO RANK PUSH BGMI LIVE #pubgmobile #shorts #shortsfeed #shortslive,PUBG OP JATT,https://www.youtube.com/watch?v=vi4HTvH_RDM,66284,301,0,2026-04-16T03:47:13Z,5911,https://i.ytimg.com/vi/vi4HTvH_RDM/hqdefault.jpg,"#shorts #shortsfeed #shortslive #bgmi #bgmilive #pubgmobile #bgmipartnertitle 

LEGEND IN CONQUEROR LOBBY | DUO RANK PUSH BGMI LIVE #pubgmobile #shorts #shortsfeed #shortslive 

 First Video - https:/"
2026-04-16,YouTube,XdYXKqTj2Gw,Epigro New Meta Pro Scrims | FT. #godlike #soul #rge #8bit #rntx,Epigro Media,https://www.youtube.com/watch?v=XdYXKqTj2Gw,28336,445,2,2026-04-16T03:48:38Z,7638,https://i.ytimg.com/vi/XdYXKqTj2Gw/hqdefault.jpg,"Epigro Pro Scrims Day - 1

The next chapter of elite BGMI action is here! Watch top-tier teams clash in daily high-intensity matches featuring calculated rotations, clutch plays, and pure dominance.

"
2026-04-16,YouTube,HkErb4FOaYs,Overconfidence 😳 JCB Funny Real Life Gameplay Video #freefire #shorts #pubg #bgmi #fortnite #irl,kar98 Army,https://www.youtube.com/watch?v=HkErb4FOaYs,27057,951,6,2026-04-16T00:30:25Z,81,https://i.ytimg.com/vi/HkErb4FOaYs/hqdefault.jpg,
2026-04-16,YouTube,YmZfvJd9Wdc,AGGRESSIVE RANK PUSH || BGMI LIVE WITH SKYLAA #bgmilive #shortsfeed #explore #girlgamer,SKYLAA is LIVE,https://www.youtube.com/watch?v=YmZfvJd9Wdc,19015,527,0,2026-04-16T00:45:37Z,26283,https://i.ytimg.com/vi/YmZfvJd9Wdc/hqdefault.jpg,"Heya,welcome to my channel 🤍 If you’re new here, make sure to   LIKE SHARE & SUBSCRIBE for the coolest ,craziest and funniest content. Your support means the everything to me! Also, check out my Insta"
2026-04-16,YouTube,se69_OAqwZA,1v1 WITH SUBSCRIBERS | CRAZY ROOM CHALLENGE 🔥🔥 Redox Playz Live #bgmi. #bgmilive,Redox Playz Live,https://www.youtube.com/watch?v=se69_OAqwZA,17372,226,0,2026-04-16T03:57:45Z,9001,https://i.ytimg.com/vi/se69_OAqwZA/hqdefault.jpg,"TAGS-  BGMI Live, BGMI live Gameplay, BGMI Live Conqueror Rankpush, Live Gameplay, Live Streaming, PUBG Mobile Live, BGMI Gameplay, Live BGMI,CONQUEOR RANKPUSH, bgmi new update, bgmi shorts, shorts li"
2026-04-17,YouTube,KhJabUukYNw,BLOOD RAVEN XSUIT + M416 FOOL KA JALWA 🔥  BGMI LIVE |#ericislive #bgmi #shortslive,ERIC is LIVE,https://www.youtube.com/watch?v=KhJabUukYNw,97386,1383,0,2026-04-17T04:13:08Z,9330,https://i.ytimg.com/vi/KhJabUukYNw/hqdefault.jpg,"BLOOD RAVEN XSUIT + M416 FOOL KA JALWA 🔥  BGMI LIVE |#ericislive #bgmi #shortslive
BLOOD RAVEN XSUIT KA JALWA   | BGMI LIVE |#ericislive #bgmi #shorts #verticallivestream  Eric Social Media Handles •📷"
2026-04-17,YouTube,5I6PK7FuC8I,ONLY RUSH GAMEPLAY😤 BGMI Live w Cutie❤️#bgmi #girlgamer #shorts #explore,CUTIE GAMING,https://www.youtube.com/watch?v=5I6PK7FuC8I,44493,1069,2,2026-04-17T00:00:07Z,20244,https://i.ytimg.com/vi/5I6PK7FuC8I/hqdefault.jpg,"#shorts #bgmi #girlgamer #funnyshorts #update4.2 #fyp #explore #shortfeed 

❤️ Welcome, Amazing Viewers and Beloved Subscribers! ❤️
I'm Srijana Thakuri! 🌸
Subscribe to my channel for some funny & skil"
2026-04-17,YouTube,Bf6Tw8jvevs,“🔥 BGMI NEW 4.3 UPDATE CLASSIC EXPLORE AND TDM ROOMS🔥 |  #bgmi #short #bgmilive #1v1room,Neptune is live ,https://www.youtube.com/watch?v=Bf6Tw8jvevs,17719,248,0,2026-04-17T00:17:51Z,18983,https://i.ytimg.com/vi/Bf6Tw8jvevs/hqdefault.jpg,"🗣 FOLLOW ME ON 
 
WHATSAPP = https://chat.whatsapp.com/Fj9vn0EMlHQ99BbdYyAdbT
INSTAGRAM 📷 = https://www.instagram.com/stymphalist._?igsh=MWU0dW9yNXFzbTdkaw==&utm_source=ig_contact_invite


YOUTUBE ▶ ="
2026-04-17,YouTube,Zz3jea-niZA,50K GRAND FINALS 📈📉| BGMI WITH PIU PIU♥️|TEAMCODES #bgmi #live #shortsfeed #explore #girlgamer,Piu Piu Gaming,https://www.youtube.com/watch?v=Zz3jea-niZA,10000,732,1,2026-04-17T01:26:44Z,33788,https://i.ytimg.com/vi/Zz3jea-niZA/hqdefault.jpg,#bgmifacecamgameplay #piupiuislive   #piupiu  #girlgamer #pubg #facecam #shortsfeed #shorts #live #recommend #teamcode #giveaway #bgmi #pubgmobile #girlgamer #shortsfeed #viral #shorts #trending #shor
2026-04-18,YouTube,GkXYgeINNtY,ONLY RUSH GAMEPLAY😤 BGMI Live w Cutie❤️#bgmi #girlgamer #shorts #explore,CUTIE GAMING,https://www.youtube.com/watch?v=GkXYgeINNtY,36626,834,1,2026-04-18T00:44:59Z,21586,https://i.ytimg.com/vi/GkXYgeINNtY/hqdefault.jpg,"#shorts #bgmi #girlgamer #funnyshorts #update4.2 #fyp #explore #shortfeed 

❤️ Welcome, Amazing Viewers and Beloved Subscribers! ❤️
I'm Srijana Thakuri! 🌸
Subscribe to my channel for some funny & skil"
2026-04-18,YouTube,4vUzD9TahyM,🔴PLAYING NEW UPDATE BGMI Pharaoh Mode IS BACK 4.3 UPDATE 🫶🏻❤️🥹#bgmi #bgmilive #bgmishorts #bgmiindia,Miss Senorita,https://www.youtube.com/watch?v=4vUzD9TahyM,13116,304,0,2026-04-18T02:18:43Z,12444,https://i.ytimg.com/vi/4vUzD9TahyM/hqdefault.jpg,"hey peeps! Thanks for joining ❤️and  Welcome to my channel Miss Senorita
first, I would love it if you guys
 LIKE, SUBSCRIBE, SHARE AND DO ON THE NOTIFICATION BELL 
Let's Enjoy the stream together.💞

"
2026-04-19,YouTube,TJarZ5HWH3g,FULL LOBBY DOMINATE IN 4.3 EVENT😍| BGMI LIVE | #bgmi #shorts  #pubgmobile #handcam,Masoom Gaming,https://www.youtube.com/watch?v=TJarZ5HWH3g,11649,141,0,2026-04-19T04:16:00Z,12221,https://i.ytimg.com/vi/TJarZ5HWH3g/hqdefault.jpg,"FULL LOBBY DOMINATE IN 4.3 EVENT😍| BGMI LIVE | #bgmi #shorts  #pubgmobile #handcam
Device - IPAD PRO M4
Headphones - RAZER BLACKSHARK V2X USB
Screen mirror - Douwan vip
..............................."
2026-04-19,YouTube,_10oGU7mK2I,TOP 100 RANK PUSH 🔥 | BGMI LIVE | 17 PRO MAX GAMEPLAY |#bgmi #shortsfeed #shorts #rankpush,Rexxy Plays,https://www.youtube.com/watch?v=_10oGU7mK2I,11621,343,1,2026-04-19T01:55:52Z,26362,https://i.ytimg.com/vi/_10oGU7mK2I/hqdefault.jpg,"TOP 100 RANK PUSH 🔥 | BGMI LIVE | 17 PRO MAX GAMEPLAY |#bgmi #shortsfeed #shorts #rankpush 

Device -17 PRO MAX
bgmi live
Bgmi live
Bgmi
BGMI LIVE
jonathan gaming"
2026-04-20,YouTube,Zc98b1rHQOk,FINALLY 4.3 UPDATE HERE SOLO VS SQUAD BGMI LIVE #shorts #shortsfeed #bgmi #bxpushpalive,BX PUSHPA LIVE ,https://www.youtube.com/watch?v=Zc98b1rHQOk,31139,0,0,2026-04-20T00:30:24Z,0,https://i.ytimg.com/vi/Zc98b1rHQOk/hqdefault_live.jpg,"FINALLY 4.3 UPDATE HERE SOLO VS SQUAD BGMI LIVE #shorts #shortsfeed #bgmi #bxpushpalive

Device: I phone 12 
Five Finger  
SOLO  🔥💀??

Subscribe more guys  🥰￼￼

🏷️ Tags ••••••

#bgmi #pubg #shortfeed "
2026-04-20,YouTube,mo0ZvQVShL4,🔥HIGH KILLS IN CONQUEROR LOBBY | BGMI LIVE | UPMAX #shorts #bgmilive #shortslive,UPMAX YT,https://www.youtube.com/watch?v=mo0ZvQVShL4,16371,663,0,2026-04-20T00:15:17Z,15806,https://i.ytimg.com/vi/mo0ZvQVShL4/hqdefault.jpg,"Thanks for watching ❤️  
Insta - ig_upmax
DEVICE - iPHONE 15"
2026-04-20,YouTube,YOPyzdCy5dA,Soo fcuking... #bgmi #bgmilive #jabakumar #jabakumarlive #umingle #omegle,JABA KUMAR live,https://www.youtube.com/watch?v=YOPyzdCy5dA,14417,1580,18,2026-04-20T02:30:23Z,18810,https://i.ytimg.com/vi/YOPyzdCy5dA/hqdefault.jpg,Like podlana gay broo...
2026-04-20,YouTube,Yxil9P67KWk,FULL LOBBY DOMINATE IN 4.3 EVENT😍| BGMI LIVE | #bgmi #shorts  #pubgmobile #handcam,Masoom Gaming,https://www.youtube.com/watch?v=Yxil9P67KWk,14127,195,0,2026-04-20T04:30:27Z,13163,https://i.ytimg.com/vi/Yxil9P67KWk/hqdefault.jpg,"FULL LOBBY DOMINATE IN 4.3 EVENT😍| BGMI LIVE | #bgmi #shorts  #pubgmobile #handcam
Device - IPAD PRO M4
Headphones - RAZER BLACKSHARK V2X USB
Screen mirror - Douwan vip
..............................."
2026-04-21,YouTube,WgugWLxJits,AGGRESSIVE RUSH GAMEPLAY 😍|FACECAM 😍|VERTICAL STREAM #shortvideo  #bgmilive #girlgamer,Aashi is live,https://www.youtube.com/watch?v=WgugWLxJits,28147,955,1,2026-04-21T00:33:37Z,26166,https://i.ytimg.com/vi/WgugWLxJits/hqdefault.jpg,"Hello everyone 💕 

I’m Aashi Pandey, a BGMI live Streamer/Gamer from Greater Noida. I do daily late-night streams, playing in top-tier Rank Push lobbies. If you like my game style, clutch moments, and"
2026-04-21,YouTube,t0DURQap6Zk,ONLY RUSH GAMEPLAY😤 BGMI Live w Cutie❤️#bgmi #girlgamer #shorts #explore,CUTIE GAMING,https://www.youtube.com/watch?v=t0DURQap6Zk,20628,722,1,2026-04-21T00:10:46Z,20492,https://i.ytimg.com/vi/t0DURQap6Zk/hqdefault.jpg,"#shorts #bgmi #girlgamer #funnyshorts #update4.2 #fyp #explore #shortfeed 

❤️ Welcome, Amazing Viewers and Beloved Subscribers! ❤️
I'm Srijana Thakuri! 🌸
Subscribe to my channel for some funny & skil"
2026-04-21,YouTube,PIPzInCS-IQ,🔥HIGH KILLS IN CONQUEROR LOBBY | BGMI LIVE | UPMAX #shorts #bgmilive #shortslive,UPMAX YT,https://www.youtube.com/watch?v=PIPzInCS-IQ,17064,1005,0,2026-04-21T00:05:20Z,14932,https://i.ytimg.com/vi/PIPzInCS-IQ/hqdefault.jpg,"Thanks for watching ❤️  
Insta - ig_upmax
DEVICE - iPHONE 15"
2026-04-21,YouTube,M-vsdARNcdw,36 HOURS NONSTOP LIVE 😤| BGMI WITH PIU PIU♥️|TEAMCODES #bgmi #live #shortsfeed #explore #girlgamer,Piu Piu Gaming,https://www.youtube.com/watch?v=M-vsdARNcdw,15098,1032,0,2026-04-21T02:09:54Z,42900,https://i.ytimg.com/vi/M-vsdARNcdw/hqdefault.jpg,#bgmifacecamgameplay #piupiuislive   #piupiu  #girlgamer #pubg #facecam #shortsfeed #shorts #live #recommend #teamcode #giveaway #bgmi #pubgmobile #girlgamer #shortsfeed #viral #shorts #trending #shor
2026-04-21,YouTube,EPjAf4Xymqo,BGMI LIVE 🔴 HIGH KILLS ONLY 😈 #shortsfeed #live #bgmi #bgmilive #pubgmobile,BAWAL IS LIVE,https://www.youtube.com/watch?v=EPjAf4Xymqo,15082,271,0,2026-04-21T00:25:08Z,0,https://i.ytimg.com/vi/EPjAf4Xymqo/hqdefault_live.jpg,"Welcome to my BGMI LIVE STREAM 🔴
Today we are playing HIGH KILLS ONLY gameplay in BGMI (Battlegrounds Mobile India)

Make sure to LIKE 👍 SHARE 📤 and SUBSCRIBE ❤️
Turn on the notification bell 🔔 so you"
2026-04-22,YouTube,x64K0QT2B1A,BLOOD RAVEN XSUIT + M416 FOOL KA JALWA 🔥  BGMI LIVE |#ericislive #bgmi #shortslive,ERIC is LIVE,https://www.youtube.com/watch?v=x64K0QT2B1A,100184,1499,0,2026-04-22T03:53:41Z,8577,https://i.ytimg.com/vi/x64K0QT2B1A/hqdefault.jpg,"BLOOD RAVEN XSUIT + M416 FOOL KA JALWA 🔥  BGMI LIVE |#ericislive #bgmi #shortslive
BLOOD RAVEN XSUIT KA JALWA   | BGMI LIVE |#ericislive #bgmi #shorts #verticallivestream  Eric Social Media Handles •📷"
2026-04-22,YouTube,tY1M_j-afJ8,ONLY RUSH GAMEPLAY😤 BGMI Live w Cutie❤️#bgmi #girlgamer #shorts #explore,CUTIE GAMING,https://www.youtube.com/watch?v=tY1M_j-afJ8,26404,651,2,2026-04-22T00:17:32Z,20757,https://i.ytimg.com/vi/tY1M_j-afJ8/hqdefault.jpg,"#shorts #bgmi #girlgamer #funnyshorts #update4.2 #fyp #explore #shortfeed 

❤️ Welcome, Amazing Viewers and Beloved Subscribers! ❤️
I'm Srijana Thakuri! 🌸
Subscribe to my channel for some funny & skil"
2026-04-22,YouTube,tk7LktCGvFc,BGMI 4.3 UPDATE LIVE 🔴 | NEW FEATURES 😍 | OP GAMEPLAY#pubgmobile #TAG #shorts #shortsfeed #bgmi,NDGUJJAR IS LIVE,https://www.youtube.com/watch?v=tk7LktCGvFc,13372,100,0,2026-04-22T00:06:38Z,0,https://i.ytimg.com/vi/tk7LktCGvFc/hqdefault_live.jpg,"🔥 NDGUJJAR IS LIVE – BGMI Live Stream
Subscribe & Support ❤

⸻
🔥 BGMI LIVE STREAM 🔥

🎮 Gameplay Device: iPhone 14 PRO
📱 BGMI is played and recorded on iPhone 14 PRO only

⌚ Watch frame is used ONLY fo"
2026-04-22,YouTube,oBvv1xCZhp4,BGMI LIVE 🔴 HIGH KILLS ONLY 😈 #shortsfeed #live #bgmi #bgmilive #pubgmobile,BAWAL IS LIVE,https://www.youtube.com/watch?v=oBvv1xCZhp4,12245,250,0,2026-04-22T00:25:06Z,0,https://i.ytimg.com/vi/oBvv1xCZhp4/hqdefault_live.jpg,"Welcome to my BGMI LIVE STREAM 🔴
Today we are playing HIGH KILLS ONLY gameplay in BGMI (Battlegrounds Mobile India)

Make sure to LIKE 👍 SHARE 📤 and SUBSCRIBE ❤️
Turn on the notification bell 🔔 so you"
2026-04-22,YouTube,XrCIX8GRRFM,1v1 with sub Aggressive Gameplay ultimate Royal 😯🔥 |SOLU AMAN YT| #shorts #bgmilive #pubglive,SOLU_AMAN_YT,https://www.youtube.com/watch?v=XrCIX8GRRFM,12192,290,0,2026-04-22T04:23:08Z,13802,https://i.ytimg.com/vi/XrCIX8GRRFM/hqdefault.jpg,"@SOLU_AMAN_YT  #sevon #bgmi #LoLzZz Gaming  #clutch #1v4 #pubg #funnymoments #SOLUAMANYT 
#1v3 
#bgmiindia #bgmi #pubg #pubgmobile #bgmimemes #bgmindia #bgmilovers #pubgindia #pubgclips #pubgmobileind"
2026-04-22,YouTube,UOFPdo_GjfU,1v4 EVERY MATCH 😈 TOP 100 PUSH 🔥 LIVE NOW #bgmi #bgmilive #shortsfeed #bgmiclutch #gaminglive,Rexxy Plays,https://www.youtube.com/watch?v=UOFPdo_GjfU,11071,334,0,2026-04-22T01:23:20Z,25231,https://i.ytimg.com/vi/UOFPdo_GjfU/hqdefault.jpg,"1v4 EVERY MATCH 😈 TOP 100 PUSH 🔥 LIVE NOW
#bgmi #bgmilive #shortsfeed #bgmiclutch #gaminglive 

Device -17 PRO MAX
bgmi live
Bgmi live
Bgmi
BGMI LIVE
jonathan gaming"
2026-04-23,YouTube,IiiBADUgaR0,1v4 EVERY MATCH 😈 TOP 100 PUSH 🔥 LIVE NOW #bgmi #bgmilive #shortsfeed #bgmiclutch #gaminglive,Rexxy Plays,https://www.youtube.com/watch?v=IiiBADUgaR0,12570,282,0,2026-04-23T00:33:16Z,22210,https://i.ytimg.com/vi/IiiBADUgaR0/hqdefault.jpg,"1v4 EVERY MATCH 😈 TOP 100 PUSH 🔥 LIVE NOW
#bgmi #bgmilive #shortsfeed #bgmiclutch #gaminglive 

Device -17 PRO MAX
bgmi live
Bgmi live
Bgmi
BGMI LIVE
jonathan gaming"
2026-04-23,YouTube,0Zfr5sANXnk,1v1 WITH SUBSCRIBERS | CRAZY ROOM CHALLENGE 🔥🔥 Redox Playz Live #bgmi. #bgmilive,Redox Playz Live,https://www.youtube.com/watch?v=0Zfr5sANXnk,12254,229,0,2026-04-23T03:49:59Z,7698,https://i.ytimg.com/vi/0Zfr5sANXnk/hqdefault.jpg,"TAGS-  BGMI Live, BGMI live Gameplay, BGMI Live Conqueror Rankpush, Live Gameplay, Live Streaming, PUBG Mobile Live, BGMI Gameplay, Live BGMI,CONQUEOR RANKPUSH, bgmi new update, bgmi shorts, shorts li"
2026-04-25,YouTube,puefWXELPuE,🔥HIGH KILLS IN CONQUEROR LOBBY | BGMI LIVE | UPMAX #shorts #bgmilive #shortslive,UPMAX YT,https://www.youtube.com/watch?v=puefWXELPuE,21201,1074,0,2026-04-25T00:18:20Z,15976,https://i.ytimg.com/vi/puefWXELPuE/hqdefault.jpg,"Thanks for watching ❤️  
Insta - ig_upmax
DEVICE - iPHONE 15"
2026-04-25,YouTube,aDS6lKzK-Ws,(vertical) PUBG mobile hand cam  in 15 pro max live  #pubgmobile#bgmi#handcam,NePub,https://www.youtube.com/watch?v=aDS6lKzK-Ws,10963,95,0,2026-04-25T02:20:49Z,10708,https://i.ytimg.com/vi/aDS6lKzK-Ws/hqdefault.jpg,Welcome to my live
2026-04-26,YouTube,i8s3OtDjxUg,50K UC CRATE OPENING | RANK PUSH TO #1 | BGMI LIVE,LoLzZz Gaming,https://www.youtube.com/watch?v=i8s3OtDjxUg,394391,26927,21,2026-04-26T00:15:08Z,28522,https://i.ytimg.com/vi/i8s3OtDjxUg/hqdefault.jpg,"Welcome to LOLZZZ GAMING! 
We’re live right now — join the stream, chat, and enjoy the gameplay!

🎮 Playing: BGMI
💬 Say hi in the chat and play along!

📱 Follow Me On Instagram:
👉 https://www.instagra"
2026-04-26,YouTube,hcIyIh6Zlv4,🔥HIGH KILLS IN CONQUEROR LOBBY | BGMI LIVE | UPMAX #shorts #bgmilive #shortslive,UPMAX YT,https://www.youtube.com/watch?v=hcIyIh6Zlv4,24870,1041,0,2026-04-26T00:49:57Z,18728,https://i.ytimg.com/vi/hcIyIh6Zlv4/hqdefault.jpg,"Thanks for watching ❤️  
Insta - ig_upmax
DEVICE - iPHONE 15"
2026-04-27,YouTube,onWEjpcUfjs,TOP 1 CONQUEROR RANK PUSH IN BGMI 🔥,Harshit Yt Live,https://www.youtube.com/watch?v=onWEjpcUfjs,32316,168,1,2026-04-27T00:04:38Z,16160,https://i.ytimg.com/vi/onWEjpcUfjs/hqdefault.jpg,"BGMI LIVE 🔥 Solo vs Squad Rush Gameplay | High Kills | Shorts Live

New Device :- iPad Pro M4 256 GB
Old Device :- ipad 8th gen 60 fps 6 years old iPad 🥲
Laptop Asus Tuf F15 :-  i5 12500h 16gb ram Rtx"
2026-04-27,YouTube,cBw6LqDzkf0,🔥HIGH KILLS IN CONQUEROR LOBBY | BGMI LIVE | UPMAX #shorts #bgmilive #shortslive,UPMAX YT,https://www.youtube.com/watch?v=cBw6LqDzkf0,22038,1014,1,2026-04-27T00:35:34Z,16676,https://i.ytimg.com/vi/cBw6LqDzkf0/hqdefault.jpg,"Thanks for watching ❤️  
Insta - ig_upmax
DEVICE - iPHONE 15"
2026-04-27,YouTube,jvs6OY51HVQ,Jonathan's Fan Nitish Kumar Reddy #jonathan #nitishkumarreddy #bgmi #cricket,Gaming Moments BGMI,https://www.youtube.com/watch?v=jvs6OY51HVQ,12810,1302,7,2026-04-27T03:10:47Z,58,https://i.ytimg.com/vi/jvs6OY51HVQ/hqdefault.jpg,"Cricketer Nitish Reddy is Jonathan’s Fan 😳🔥 | Since TSM Entity Days!

A surprising and wholesome moment on stream! ❤️

While Jonathan Gaming was live, Indian cricketer Nitish Kumar Reddy joined him in"
2026-04-27,YouTube,WrmkQKff5s0,YOU GUYS ARE NOT READY FOR THIS💀 | CLASSIC HACKER BOLTE!,LoLzZz Gaming,https://www.youtube.com/watch?v=WrmkQKff5s0,11815,2250,0,2026-04-27T02:22:08Z,0,https://i.ytimg.com/vi/WrmkQKff5s0/hqdefault_live.jpg,"Welcome to LOLZZZ GAMING! 
We’re live right now — join the stream, chat, and enjoy the gameplay!

🎮 Playing: BGMI
💬 Say hi in the chat and play along!

📱 Follow Me On Instagram:
👉 https://www.instagra"
2026-04-29,YouTube,j1yUmg3H9gA,SOLO VS SQUAD CONQUEROR PUSH #shorts #shortsfeed #bgmi #mrmafiayt,MR MAFIA YT,https://www.youtube.com/watch?v=j1yUmg3H9gA,20211,690,0,2026-04-29T04:23:23Z,9176,https://i.ytimg.com/vi/j1yUmg3H9gA/hqdefault.jpg,"SOLO VS SQUAD CONQUEROR PUSH #shorts #shortsfeed #bgmi #mrmafiayt 

➽ Hey Guys,
Welcome to my Youtube Channel,
Please Subscribe
https://www.youtube.com/@MR_MAFIA_YT_LIVE
UPI ID -kumardipanker@ybl
----"
2026-04-30,YouTube,PmZDpm-a8KY,LIVE VERTICAL - Phoenixtra X-Suit & Bloor Raven X-Suit crate opening | BGMI | PUBG MOBILE |,Beast is Live,https://www.youtube.com/watch?v=PmZDpm-a8KY,21443,159,0,2026-04-30T00:19:20Z,10754,https://i.ytimg.com/vi/PmZDpm-a8KY/hqdefault.jpg,"#shortsfeed #shortslive #pubg
PUBG ID - 5564860546
5 Finger Gameplay 

PC setup link - https://youtube.com/shorts/ilrBN5pk5D4

PC specs: 
Processor: 11th Gen Intel(R) Core(TM) i9-11900KF @ 3.50GHz 
RA"
2026-04-30,YouTube,UD_1cHVUvmQ,20 KILL EVERY MATCH BGMI ❤️HYDRA JALEBEE #shortsfeed #shortslive #shorts #live #bgmilive,JaLeBeeYT,https://www.youtube.com/watch?v=UD_1cHVUvmQ,19473,474,0,2026-04-30T00:03:08Z,23369,https://i.ytimg.com/vi/UD_1cHVUvmQ/hqdefault.jpg,"#shortsfeed #shortslive #shorts #live #bgmi #shorts #live #bgmi
✨MY BIO✨ 

🥨Name - Sanjana Badne
🍳IGN -     HYDRAxJALEBEE
🍟DEVICE - IPHONE  15 pro max

 
💕MY UPI💕

 UPIID - 7735005005


✨MY SOCIALS✨

"
2026-05-01,YouTube,QRY5-bqxumk,FINALLY 4.3 UPDATE HERE SOLO VS SQUAD BGMI LIVE #shorts #shortsfeed #bgmi #bxpushpalive,BX PUSHPA LIVE ,https://www.youtube.com/watch?v=QRY5-bqxumk,23089,0,0,2026-05-01T03:46:28Z,8267,https://i.ytimg.com/vi/QRY5-bqxumk/hqdefault.jpg,"FINALLY 4.3 UPDATE HERE SOLO VS SQUAD BGMI LIVE #shorts #shortsfeed #bgmi #bxpushpalive

Device: I phone 12 
Five Finger  
SOLO  🔥💀??Subscribe more guys  🥰￼￼

🏷️ Tags ••••••

#bgmi #pubg #shortfeed #s"
2026-05-01,YouTube,KAeYbAA6V60,20 KILL EVERY MATCH BGMI ❤️HYDRA JALEBEE #shortsfeed #shortslive #shorts #live #bgmilive,JaLeBeeYT,https://www.youtube.com/watch?v=KAeYbAA6V60,21037,542,0,2026-05-01T00:08:49Z,23516,https://i.ytimg.com/vi/KAeYbAA6V60/hqdefault.jpg,"#shortsfeed #shortslive #shorts #live #bgmi #shorts #live #bgmi
✨MY BIO✨ 

🥨Name - Sanjana Badne
🍳IGN -     HYDRAxJALEBEE
🍟DEVICE - IPHONE  15 pro max

 
💕MY UPI💕

 UPIID - 7735005005


✨MY SOCIALS✨

"
2026-05-01,YouTube,XvbL8nDguio,#bgmi,Jiban Desi Vlogs ,https://www.youtube.com/watch?v=XvbL8nDguio,12012,184,1,2026-05-01T01:09:00Z,59,https://i.ytimg.com/vi/XvbL8nDguio/hqdefault.jpg,"🔥#TIMELAPSE: START to FINISH Alone BUILDLOG Cabin (Wooden House)How To Build Wooden Cabin Surviva 

🔥#TIMELAPSE: START to FINISH Alone BUILD LOG Cabin(Wooden House) How To Build Wooden Cabin Surviva🎉
"
2026-05-03,YouTube,RNJ0NEY-0wE,Cutie is Live❤️#bgmi #fyp #explore,CUTIE GAMING,https://www.youtube.com/watch?v=RNJ0NEY-0wE,30520,686,4,2026-05-03T01:14:28Z,23295,https://i.ytimg.com/vi/RNJ0NEY-0wE/hqdefault.jpg,"#shorts #bgmi #girlgamer #funnyshorts #update4.2 #fyp #explore #shortfeed 

❤️ Welcome, Amazing Viewers and Beloved Subscribers! ❤️
I'm Srijana Thakuri! 🌸
Subscribe to my channel for some funny & skil"
2026-05-03,YouTube,jMYZIJUsfUY,BGMI X PUBG LIVE #pubgmobile,Harshit Yt Live,https://www.youtube.com/watch?v=jMYZIJUsfUY,17646,65,0,2026-05-03T03:53:36Z,7469,https://i.ytimg.com/vi/jMYZIJUsfUY/hqdefault.jpg,"BGMI LIVE 🔥 Solo vs Squad Rush Gameplay | High Kills | Shorts Live

New Device :- iPad Pro M4 256 GB
Old Device :- ipad 8th gen 60 fps 6 years old iPad 🥲
Laptop Asus Tuf F15 :-  i5 12500h 16gb ram Rtx"
2026-05-03,YouTube,H-Xxti-VMw8,AGGRESSIVE RANK PUSH || BGMI LIVE WITH SKYLAA #bgmilive #shortsfeed #explore #girlgamer,SKYLAA is LIVE,https://www.youtube.com/watch?v=H-Xxti-VMw8,12885,448,0,2026-05-03T00:06:54Z,23869,https://i.ytimg.com/vi/H-Xxti-VMw8/hqdefault.jpg,"Heya,welcome to my channel 🤍 If you’re new here, make sure to   LIKE SHARE & SUBSCRIBE for the coolest ,craziest and funniest content. Your support means the everything to me! Also, check out my Insta"
2026-05-03,YouTube,2cJVTGdIzRw,AUG CANCEL 🔴 FREE MATERIAL | Next Lucky Spin in Bgmi | Bgmi Next Prize Path | Bgmi Next Ultimate Set,Gk Afroz,https://www.youtube.com/watch?v=2cJVTGdIzRw,10483,1667,139,2026-05-03T02:45:00Z,526,https://i.ytimg.com/vi/2cJVTGdIzRw/hqdefault.jpg,"FREE MATERIAL 😍 Next Lucky Spin in Bgmi | Bgmi Next Prize Path | Bgmi Next Ultimate Set | Aug Return

AA JAAO TELEGRAM Me - https://t.me/GkAfroz


Instagram :- https://instagram.com/gk_afroz/




Abou"
2026-05-04,YouTube,KkZNf_tBndI,HACKER OR WHAT! | JONATHAN IS BACK!!🖤 | BGMI ON ONEPLUS NORD 6,JONATHAN GAMING,https://www.youtube.com/watch?v=KkZNf_tBndI,1783625,150232,219,2026-05-04T01:54:03Z,37140,https://i.ytimg.com/vi/KkZNf_tBndI/hqdefault.jpg,"https://www.amazon.in/b/?_encoding=UTF8&node=216828985031&is
Click to stay notified!
Hey Guys, I’m Jonathan Amaral, better known as Jonathan Gaming, a professional BGMI esports athlete and streamer.

"
2026-05-04,YouTube,b3ocQ40EREk,Day 42 | Solo vs Squad Winter Update 4.2 Rank push to Conqueror #pubgm #gaming #pubgmobile #rankpush,Kalua Gaming,https://www.youtube.com/watch?v=b3ocQ40EREk,27269,547,0,2026-05-04T00:12:55Z,25271,https://i.ytimg.com/vi/b3ocQ40EREk/hqdefault.jpg,"Thank for watching.
If you like the video, please don't forget to like it you can subscribe and turn on notifications for more videos for free.
BGMI ID: 5316600797
------------------------------------"
2026-05-04,YouTube,skR7DyCYTik,Cutie is Live❤️#bgmi #fyp #explore,CUTIE GAMING,https://www.youtube.com/watch?v=skR7DyCYTik,22144,691,0,2026-05-04T01:21:58Z,24716,https://i.ytimg.com/vi/skR7DyCYTik/hqdefault.jpg,"#shorts #bgmi #girlgamer #funnyshorts #update4.2 #fyp #explore #shortfeed 

❤️ Welcome, Amazing Viewers and Beloved Subscribers! ❤️
I'm Srijana Thakuri! 🌸
Subscribe to my channel for some funny & skil"
2026-05-05,YouTube,5p3OAw4O9I0,FINALLY 4.3 UPDATE HERE SOLO VS SQUAD BGMI LIVE #shorts #shortsfeed #bgmi #bxpushpalive,BX PUSHPA LIVE ,https://www.youtube.com/watch?v=5p3OAw4O9I0,43578,0,0,2026-05-05T00:32:14Z,0,https://i.ytimg.com/vi/5p3OAw4O9I0/hqdefault_live.jpg,"FINALLY 4.3 UPDATE HERE SOLO VS SQUAD BGMI LIVE #shorts #shortsfeed #bgmi #bxpushpalive

Device: I phone 12 
Five Finger  
SOLO  🔥💀??Subscribe more guys  🥰￼￼

🏷️ Tags ••••••

#bgmi #pubg #shortfeed #s"
2026-05-05,YouTube,ljsBLReH6GM,"TEAMCODES , Rank Push #jonathan #girlgamer #shortsviral #apex #viralfeed #shortsfeed #viral #bgmi",Aish Playz,https://www.youtube.com/watch?v=ljsBLReH6GM,11415,265,0,2026-05-05T00:14:21Z,14876,https://i.ytimg.com/vi/ljsBLReH6GM/hqdefault.jpg,Show LOVE and SUPPORT                                                                                                                                                                            Hey pea
2026-05-06,YouTube,9Z_18wjHw-s,🔥HIGH KILLS IN CONQUEROR LOBBY | BGMI LIVE | UPMAX #shorts #bgmilive #shortslive,UPMAX YT,https://www.youtube.com/watch?v=9Z_18wjHw-s,18945,833,0,2026-05-06T00:06:27Z,17504,https://i.ytimg.com/vi/9Z_18wjHw-s/hqdefault.jpg,"Thanks for watching ❤️  
Insta - ig_upmax
DEVICE - iPHONE 15"
2026-05-06,YouTube,5RkyfzJOUjg,SOLO V SQUAD GAMEPLAY⚡ LIVE NOW #bgmi #bgmilive #shortsfeed #rexxyplays,Rexxy Plays,https://www.youtube.com/watch?v=5RkyfzJOUjg,14675,252,0,2026-05-06T00:14:06Z,16085,https://i.ytimg.com/vi/5RkyfzJOUjg/hqdefault_live.jpg,"SOLO V SQUAD GAMEPLAY⚡ LIVE NOW #bgmi #bgmilive #shortsfeed #rexxyplays

#shortsfeed 
#bgmiclutch
#gaminglive 

Device -17 PRO MAX
 bgmi live
 Bgmi live
 Bgmi
 BGMI LIVE
 Rexxy is live
rexxy plays"
2026-05-06,YouTube,5PJCe9bRhoo,"TEAMCODES , Rank Push #jonathan #girlgamer #shortsviral #apex #viralfeed #shortsfeed #viral #bgmi",Aish Playz,https://www.youtube.com/watch?v=5PJCe9bRhoo,11338,521,0,2026-05-06T00:59:34Z,36449,https://i.ytimg.com/vi/5PJCe9bRhoo/hqdefault.jpg,Show LOVE and SUPPORT                                                                                                                                                                            Hey pea
2026-05-07,YouTube,rbmDTID0ooI,Real Dynamo 😳 Mujhe To Laga Fake hai 💀! #bgmi #shorts #desiplayz,DESI PLAYz,https://www.youtube.com/watch?v=rbmDTID0ooI,13862,2010,28,2026-05-07T02:55:00Z,48,https://i.ytimg.com/vi/rbmDTID0ooI/hqdefault.jpg,
2026-05-07,YouTube,Uo82-xZOJTM,NEW UPDATE 4.3 HERE ! SOLO VS SQUAD IN BGMI 🔥 #shorts #shortsfeed #shortslive #bgmi,MR MAFIA YT,https://www.youtube.com/watch?v=Uo82-xZOJTM,10486,636,0,2026-05-07T02:27:24Z,0,https://i.ytimg.com/vi/Uo82-xZOJTM/hqdefault_live.jpg,"NEW UPDATE 4.3 HERE ! SOLO VS SQUAD IN BGMI 🔥 #shorts #shortsfeed #shortslive #bgmi 

➽ Hey Guys,
Welcome to my Youtube Channel,
Please Subscribe
https://www.youtube.com/@MRMAFIAYT8742
➽ Membership li"
2026-05-08,YouTube,drwKA8A_RbQ,AGGRESSIVE RANK PUSH || BGMI LIVE WITH SKYLAA #bgmilive #shortsfeed #explore #girlgamer,SKYLAA is LIVE,https://www.youtube.com/watch?v=drwKA8A_RbQ,44173,805,0,2026-05-08T01:14:41Z,28344,https://i.ytimg.com/vi/drwKA8A_RbQ/hqdefault.jpg,"Heya,welcome to my channel 🤍 If you’re new here, make sure to   LIKE SHARE & SUBSCRIBE for the coolest ,craziest and funniest content. Your support means the everything to me! Also, check out my Insta"
2026-05-08,YouTube,KcJA1Nd4_xQ,Pure heart enemy #shorts #bgmi #pubg,BroVerse,https://www.youtube.com/watch?v=KcJA1Nd4_xQ,16120,840,0,2026-05-08T01:30:27Z,46,https://i.ytimg.com/vi/KcJA1Nd4_xQ/hqdefault.jpg,Pure heart enemy #shorts #bgmi #pubg
2026-05-08,YouTube,lvXsqpC9lxg,Blood Raven Max With Season 17 Conqueror☠️! #bgmi #shorts #desiplayz,DESI PLAYz,https://www.youtube.com/watch?v=lvXsqpC9lxg,10560,1338,19,2026-05-08T02:55:01Z,49,https://i.ytimg.com/vi/lvXsqpC9lxg/hqdefault.jpg,
2026-05-09,YouTube,ibaklYfwySY,Overconfidence 💀 1vs1 Magic Power Funny Gameplay #freefire #pubg #bgmi,kar98 Army,https://www.youtube.com/watch?v=ibaklYfwySY,11549,345,6,2026-05-09T00:30:40Z,75,https://i.ytimg.com/vi/ibaklYfwySY/hqdefault.jpg,
2026-05-10,YouTube,9DMrmkEyJdM,CUSTOM ROOM | 1v1 TDM | CLASSIC GAMEPLAY | BGMI LIVE WITH KHWAISH#pubgmobile #pubg #bgmi #pubgm,Khwaish Gaming YT,https://www.youtube.com/watch?v=9DMrmkEyJdM,35743,709,1,2026-05-10T00:15:33Z,25061,https://i.ytimg.com/vi/9DMrmkEyJdM/hqdefault.jpg,"Hey Cuties🥰 !! Khwaish This Side Recently I Started Streaming BGMI , Have A Look And Enjoy The Stream 🤍☀ 

💥 𝘽𝙂𝙈𝙄 𝙄𝘿  - 5375486753 💥

🔴 STREAM TIMING = 8 pm 

🔴 INTSA = khwaishgamingyt 

🔴 UPI = khwai"
2026-05-10,YouTube,XkHcFf0xqOE,TEAMCODES & BGMI LIVE ❤️HYDRA JALEBEE #shortsfeed #shortslive #shorts #live #bgmilive,JaLeBeeYT,https://www.youtube.com/watch?v=XkHcFf0xqOE,28544,661,0,2026-05-10T00:27:53Z,24478,https://i.ytimg.com/vi/XkHcFf0xqOE/hqdefault.jpg,"#shortsfeed #shortslive #shorts #live #bgmi #shorts #live #bgmi
✨MY BIO✨ 

🥨Name - Sanjana Badne
🍳IGN -     HYDRAxJALEBEE
🍟DEVICE - IPHONE  17 pro max

 
💕MY UPI💕

 UPIID - 7735005005


✨MY SOCIALS✨

"
2026-05-10,YouTube,Fytbpx3sTB8,AGGRESSIVE RANK PUSH || BGMI LIVE WITH SKYLAA #bgmilive #shortsfeed #explore #girlgamer,SKYLAA is LIVE,https://www.youtube.com/watch?v=Fytbpx3sTB8,20718,488,0,2026-05-10T00:35:17Z,23499,https://i.ytimg.com/vi/Fytbpx3sTB8/hqdefault.jpg,"Heya,welcome to my channel 🤍 If you’re new here, make sure to   LIKE SHARE & SUBSCRIBE for the coolest ,craziest and funniest content. Your support means the everything to me! Also, check out my Insta"
2026-05-10,YouTube,Xzrk1MEwK3Y,Scout Bhai Afgani Rush 😅💀! #bgmi #shorts #desiplayz,DESI PLAYz,https://www.youtube.com/watch?v=Xzrk1MEwK3Y,10982,1753,16,2026-05-10T02:55:01Z,50,https://i.ytimg.com/vi/Xzrk1MEwK3Y/hqdefault.jpg,
2026-05-11,YouTube,V06ygyTwrB4,TOP 1 CONQUEROR RANK PUSH IN BGMI 🔥,Harshit Yt Live,https://www.youtube.com/watch?v=V06ygyTwrB4,32329,142,0,2026-05-11T00:10:44Z,17348,https://i.ytimg.com/vi/V06ygyTwrB4/hqdefault.jpg,"BGMI LIVE 🔥 Solo vs Squad Rush Gameplay | High Kills | Shorts Live

New Device :- iPad Pro M4 256 GB
Old Device :- ipad 8th gen 60 fps 6 years old iPad 🥲
Laptop Asus Tuf F15 :-  i5 12500h 16gb ram Rtx"
2026-05-11,YouTube,E5BqrPuezPQ,999 IQ Chicken dinner in rondo map 💀 #bgmi #shorts #pubgmobile,Clox Plays,https://www.youtube.com/watch?v=E5BqrPuezPQ,14118,310,8,2026-05-11T00:30:19Z,30,https://i.ytimg.com/vi/E5BqrPuezPQ/hqdefault.jpg,
2026-05-12,YouTube,ED9DcfA08as,AGGRESSIVE RANK PUSH || BGMI LIVE WITH SKYLAA #bgmilive #shortsfeed #explore #girlgamer,SKYLAA is LIVE,https://www.youtube.com/watch?v=ED9DcfA08as,35623,706,0,2026-05-12T00:24:47Z,20942,https://i.ytimg.com/vi/ED9DcfA08as/hqdefault.jpg,"Heya,welcome to my channel 🤍 If you’re new here, make sure to   LIKE SHARE & SUBSCRIBE for the coolest ,craziest and funniest content. Your support means the everything to me! Also, check out my Insta"
2026-05-12,YouTube,UDr4Wiv0jcc,TEAMCODES & BGMI LIVE ❤️HYDRA JALEBEE #shortsfeed #shortslive #shorts #live #bgmilive,JaLeBeeYT,https://www.youtube.com/watch?v=UDr4Wiv0jcc,25099,525,0,2026-05-12T02:03:24Z,26880,https://i.ytimg.com/vi/UDr4Wiv0jcc/hqdefault.jpg,"#shortsfeed #shortslive #shorts #live #bgmi #shorts #live #bgmi
✨MY BIO✨ 

🥨Name - Sanjana Badne
🍳IGN -     HYDRAxJALEBEE
🍟DEVICE - IPHONE  17 pro max

 
💕MY UPI💕

 UPIID - 7735005005


✨MY SOCIALS✨

"
2026-05-13,YouTube,c3x-OM6zHi4,Pubg so realistic game #shorts #bgmi #pubg,BroVerse,https://www.youtube.com/watch?v=c3x-OM6zHi4,13376,571,2,2026-05-13T01:30:33Z,24,https://i.ytimg.com/vi/c3x-OM6zHi4/hqdefault.jpg,Pubg so realistic game #shorts #bgmi #pubg
2026-05-14,YouTube,LQlWCwA2Fmc,ONLY RUSH GAMEPLAY😤 BGMI Live w Cutie❤️#bgmi #girlgamer #shorts #explore,CUTIE GAMING,https://www.youtube.com/watch?v=LQlWCwA2Fmc,32870,571,1,2026-05-14T00:56:31Z,22415,https://i.ytimg.com/vi/LQlWCwA2Fmc/hqdefault.jpg,"#shorts #bgmi #girlgamer #funnyshorts #update4.2 #fyp #explore #shortfeed 

❤️ Welcome, Amazing Viewers and Beloved Subscribers! ❤️
I'm Srijana Thakuri! 🌸
Subscribe to my channel for some funny & skil"
2026-05-15,YouTube,Tjf7D6EkMA0,Victor vs Camper squad #shorts #bgmi #pubg,BroVerse,https://www.youtube.com/watch?v=Tjf7D6EkMA0,18859,913,3,2026-05-15T01:30:31Z,41,https://i.ytimg.com/vi/Tjf7D6EkMA0/hqdefault.jpg,Victor vs Camper squad #shorts #bgmi #pubg
2026-05-15,YouTube,20AHtAVR4XM,BGMI W MALKIN💞|TEAMCODES|ROAD TO 15K😉|FACECAM|#bgmi #malkinplays #shortstream,MALKIN PLAYS,https://www.youtube.com/watch?v=20AHtAVR4XM,15957,508,0,2026-05-15T00:25:23Z,29249,https://i.ytimg.com/vi/20AHtAVR4XM/hqdefault.jpg,"Hey I'm Bindu (Ign MalkinPlays), a passionate mobile girl gamer bringing you intense BGMI action, epic clutch moments, and live streams — all with facecam reactions so you can experience every win, ra"
2026-05-16,YouTube,zjVk54Zh0l4,AGGRESSIVE RANK PUSH || BGMI LIVE WITH SKYLAA #bgmilive #shortsfeed #explore #girlgamer,SKYLAA is LIVE,https://www.youtube.com/watch?v=zjVk54Zh0l4,25541,632,0,2026-05-16T00:28:18Z,24364,https://i.ytimg.com/vi/zjVk54Zh0l4/hqdefault.jpg,"Heya,welcome to my channel 🤍 If you’re new here, make sure to   LIKE SHARE & SUBSCRIBE for the coolest ,craziest and funniest content. Your support means the everything to me! Also, check out my Insta"
2026-05-17,YouTube,vg0wm8rnR78,Overconfidence 😵‍💫 Meow Funny Cat Real Life Gameplay #freefire #bgmi #pubg,kar98 Army,https://www.youtube.com/watch?v=vg0wm8rnR78,48648,1815,4,2026-05-17T00:30:43Z,86,https://i.ytimg.com/vi/vg0wm8rnR78/hqdefault.jpg,
2026-05-17,YouTube,hF0JgEkYoaA,AGGRESSIVE RANK PUSH || BGMI LIVE WITH SKYLAA #bgmilive #shortsfeed #explore #girlgamer,SKYLAA is LIVE,https://www.youtube.com/watch?v=hF0JgEkYoaA,26025,633,2,2026-05-17T00:46:26Z,26700,https://i.ytimg.com/vi/hF0JgEkYoaA/hqdefault.jpg,"Heya,welcome to my channel 🤍 If you’re new here, make sure to   LIKE SHARE & SUBSCRIBE for the coolest ,craziest and funniest content. Your support means the everything to me! Also, check out my Insta"
2026-05-17,YouTube,ADXc3IYaMow,FINALLY 4.3 UPDATE HERE SOLO VS SQUAD BGMI LIVE #shorts #shortsfeed #bgmi #bxpushpalive,BX PUSHPA LIVE ,https://www.youtube.com/watch?v=ADXc3IYaMow,23665,0,0,2026-05-17T03:20:16Z,8870,https://i.ytimg.com/vi/ADXc3IYaMow/hqdefault.jpg,"FINALLY 4.3 UPDATE HERE SOLO VS SQUAD BGMI LIVE #shorts #shortsfeed #bgmi #bxpushpalive

Device: I phone 12 
Five Finger  
SOLO  🔥💀??Subscribe more guys  🥰￼￼

🏷️ Tags ••••••

#bgmi #pubg #shortfeed #s"
2026-05-17,YouTube,tQ0Ge1rVbHg,BGMI Live 🔥 OP Gameplay | Aaj Chicken Dinner Pakka 😎,SONU IS LIVE,https://www.youtube.com/watch?v=tQ0Ge1rVbHg,15832,369,0,2026-05-17T04:55:11Z,7373,https://i.ytimg.com/vi/tQ0Ge1rVbHg/hqdefault.jpg,"BGMI Live 🔥 OP Gameplay | Aaj Chicken Dinner Pakka 😎

ROAD TO 200,000 / 200 K SUBSCRIBER ❤️ 

FULL BOOMBAAM BAAM RUSH GAMEPLAY 🔥 

If you liked the Video don’t forget to Like, Share and Subscribe.

He"
2026-05-18,YouTube,zdOh83Mf7EA,🔴TEAMCODE KARE ? ❤️🥰💗 #bgmi #bgmilive 💗,Miss Senorita,https://www.youtube.com/watch?v=zdOh83Mf7EA,13539,324,0,2026-05-18T04:12:15Z,19905,https://i.ytimg.com/vi/zdOh83Mf7EA/hqdefault.jpg,"https://www.youtube.com/channel/UCHjhEGwR8DG8MxhY8FdVWoA/join
 
linktree - https://linktr.ee/dollysadnani 

hey peeps! Thanks for joining ❤️and  Welcome to my channel Miss Senorita
first, I would love"
2026-05-19,YouTube,z_iqVkePE5Y,EXPLORING BGMI 4.4 UPDATECONQUEROR RANK PUSH #bgmi #pubgmobile #pubg #shorts,BX PUSHPA LIVE ,https://www.youtube.com/watch?v=z_iqVkePE5Y,36824,0,0,2026-05-19T03:27:20Z,9839,https://i.ytimg.com/vi/z_iqVkePE5Y/hqdefault.jpg,"EXPLORING BGMI 4.4 UPDATE
CONQUEROR RANK PUSH #bgmi #pubgmobile #pubg #shorts

Device: I phone 13
Five Finger  
SOLO  🔥💀??Subscribe more guys  🥰￼￼

🏷️ Tags ••••••

#bgmi #pubg #shortfeed #shorts #shor"
2026-05-19,YouTube,9bU6F1klRwE,AGGRESSIVE RANK PUSH || BGMI LIVE WITH SKYLAA #bgmilive #shortsfeed #explore #girlgamer,SKYLAA is LIVE,https://www.youtube.com/watch?v=9bU6F1klRwE,36600,798,0,2026-05-19T00:12:43Z,25272,https://i.ytimg.com/vi/9bU6F1klRwE/hqdefault.jpg,"Heya,welcome to my channel 🤍 If you’re new here, make sure to   LIKE SHARE & SUBSCRIBE for the coolest ,craziest and funniest content. Your support means the everything to me! Also, check out my Insta"
2026-05-19,YouTube,BpO5YDj52QU,OFFICIAL 😍 Bgmi 4.4 Play Store Update Here | Bgmi New Update | Changes | Bgmi New Event & Spin,Gk Afroz,https://www.youtube.com/watch?v=BpO5YDj52QU,17329,2645,316,2026-05-19T02:45:39Z,558,https://i.ytimg.com/vi/BpO5YDj52QU/hqdefault.jpg,"OFFICIAL 😍 Bgmi 4.4 Play Store Update Here | Bgmi New Update | Changes | Bgmi New Event & Spin

AA JAAO 4.4 UPDATE - https://t.me/GkAfroz





Instagram :- https://instagram.com/gk_afroz/




About Vi"
2026-05-19,YouTube,BIT0XFVAl_I,Bye bye BGMI 4.3 Update 🫂 #bgmi #battleroyalegame #1vs4 #pubg #shortsfeed #shorts #short,AnuShubha Live,https://www.youtube.com/watch?v=BIT0XFVAl_I,12426,1551,0,2026-05-19T02:30:07Z,44,https://i.ytimg.com/vi/BIT0XFVAl_I/hqdefault.jpg,
2026-05-19,YouTube,SgRzodZDfCs,Promotion Match With @FaithPlayzZzYT | #bgmi,HASAN PlaysYT,https://www.youtube.com/watch?v=SgRzodZDfCs,10977,1876,25,2026-05-19T03:00:21Z,167,https://i.ytimg.com/vi/SgRzodZDfCs/hqdefault.jpg,"Thanks For Watching🎮⚡ #bgmi #youtubeshorts #shortsfeed #viralvideoshorts #trending
         ‪‪


#bgmishortsviralkaisekare
#bgmishortsfunny
#bgmishortstdm
#bgmishortseditingvn



Tags 🍂

Ненужные теги"
2026-05-19,YouTube,T1lnjLHc2qs,🔴 LIVE • HARDEST GAME IN M24 🎯 FULL FUN & CLUTCHES,STARLEGEND,https://www.youtube.com/watch?v=T1lnjLHc2qs,10460,247,0,2026-05-19T00:04:57Z,5472,https://i.ytimg.com/vi/T1lnjLHc2qs/hqdefault.jpg,"Welcome to the Live Stream! 🔴
Aaj hum khel rahe hain 1v4 TDM M24 Room with Slide Off ON and Full Thumb Player Gameplay!
Pure one-tap sniping, fast reflex fights aur insane clutches dekhne ke liye stre"
2026-05-19,YouTube,T3_pQk_prhs,How To Update Bgmi 4.4 Version | Bgmi 4.4 Update Not Showing | Bgmi 4.4 Update Kaise Kre ,4star gamer,https://www.youtube.com/watch?v=T3_pQk_prhs,10171,336,66,2026-05-19T00:30:28Z,367,https://i.ytimg.com/vi/T3_pQk_prhs/hqdefault.jpg,"Bgmi 4.4 Update kaise kre 
Bgmi 4.4 Update Not Showing 
Bgmi New update
Bgmi 4.4 Update
how to update Bgmi 4.4 version
Bgmi new update kaise kre 
Bgmi 4.4 Update Not Show On Playstore
4.4 Update bgmi "
2026-05-20,YouTube,giEmsBXXU9c,BGMI LIVE KANNADA | BGMI 4.3 UPDATE | KANNADA BGMI LIVE #bgmi #shortslive #shortsfeed #pubg #short,AnuShubha Live,https://www.youtube.com/watch?v=giEmsBXXU9c,209222,3781,0,2026-05-20T02:42:46Z,10721,https://i.ytimg.com/vi/giEmsBXXU9c/hqdefault.jpg,"Welcome to the ultimate BGMI battleground where mythic power meets pure domination! 🔥👑
Today we unleash mythic power and dominate every fight in BGMI! 🔥💀

COOLER LINK : https://amzn.to/4cEy0w9
━━━━━━━"
2026-05-20,YouTube,6kOmSKcKi5k,FINALLY 😍 Bgmi 4.4 Update Download | Bgmi Update Not Showing | How to Update Bgmi | Bgmi New Update ,Gk Afroz,https://www.youtube.com/watch?v=6kOmSKcKi5k,31837,2519,266,2026-05-20T00:45:21Z,330,https://i.ytimg.com/vi/6kOmSKcKi5k/hqdefault.jpg,"FINALLY 😍 Bgmi 4.4 Update Download | Bgmi Update Not Showing | How to Update Bgmi | Bgmi New Update

4.4 UPDATE  - https://t.me/GkAfroz
Link Open Na Ho Search Kar Lena @Gk Afroz 





Instagram :- htt"
2026-05-20,YouTube,WON5xuHay6M,"4.4 UPDATE BGMI / PUBG | BGMI 4.4 FULL UPDATE LIVE SAMSUNG,A3,A5,A6,A7,J2,J5,J7,S5,S7,S9,A10,A20,A30",NeonXPawan,https://www.youtube.com/watch?v=WON5xuHay6M,26996,1614,3,2026-05-20T02:46:22Z,14029,https://i.ytimg.com/vi/WON5xuHay6M/hqdefault.jpg,"Get ready for an action-packed gameplay of BGMI 4.3 full update live on various Samsung devices including A3, A5, A6, A7, J2, J5, J7, S5, S7, S9, A10, A20, and A30. In this video, I will be showcasing"
2026-05-20,YouTube,Sh_JbAxd_3A,#bgmi,BTS LOVER 3,https://www.youtube.com/watch?v=Sh_JbAxd_3A,25118,1549,11,2026-05-20T02:04:48Z,15,https://i.ytimg.com/vi/Sh_JbAxd_3A/hqdefault.jpg,"please support 🙏 🥺 

Watching 🔥🔥
‎#bgmi 
‎#youtubeshorts
‎ #shortsfeed 
‎#viralvideoshorts
‎#trending
#tedrush 
.. 
‎      @BTSLOVER3-q3k
‎
‎#bgmishortsviralkaisekare
‎#bgmishortsfunny
‎#bgmishortstdm"
2026-05-20,YouTube,LKRdc61A7TY,🔥BGMI 4.4 Update | Top 20 Tips & Tricks | Complete 4.4 Update Guide and New Features,Classified YT,https://www.youtube.com/watch?v=LKRdc61A7TY,20653,2788,1351,2026-05-20T02:36:27Z,683,https://i.ytimg.com/vi/LKRdc61A7TY/hqdefault.jpg,"🔥BGMI 4.4 Update | Top 20 Tips & Tricks | Complete 4.4 Update Guide and New Features
🔥 The BGMI 4.4 Update is finally here, bringing the brand-new Hero’s Crown Mode along with insane gameplay changes,"
2026-05-20,YouTube,dduEb-wHjpQ,EXPLORING BGMI 4.4 UPDATECONQUEROR RANK PUSH #bgmi #pubgmobile #pubg #shorts,BX PUSHPA LIVE ,https://www.youtube.com/watch?v=dduEb-wHjpQ,17630,0,0,2026-05-20T02:53:21Z,7499,https://i.ytimg.com/vi/dduEb-wHjpQ/hqdefault.jpg,"EXPLORING BGMI 4.4 UPDATE
CONQUEROR RANK PUSH #bgmi #pubgmobile #pubg #shorts

Device: I phone 13
Five Finger  
SOLO  🔥💀??Subscribe more guys  🥰￼￼

🏷️ Tags ••••••

#bgmi #pubg #shortfeed #shorts #shor"
2026-05-20,YouTube,ND4Sl1u8HnM,🤩BGMI 4.4 UPDATE | BGMI 4.4 UPDATE NOT SHOWING PLAY STORE HOW TO UPDATE BGMI 4.4,Rahul Tech,https://www.youtube.com/watch?v=ND4Sl1u8HnM,14794,0,17,2026-05-20T01:11:11Z,17,https://i.ytimg.com/vi/ND4Sl1u8HnM/hqdefault.jpg,"🤩BGMI 4.4 UPDATE | BGMI 4.4 UPDATE NOT SHOWING PLAY STORE HOW TO UPDATE BGMI 4.4



FINALLY 😍 Bgmi 4.4 Update Download | Bgmi Update Not Showing | How to Update Bgmi | Bgmi New Update


Telegram chann"
2026-05-20,YouTube,bAwQ_sCTWCU,BGMI 4.4 UPDATE KAISE KARE 🔥 BGMI UPDATE NOT SHOWING IN PLAY STORE 🔥 BGMI UPDATE NOT COMING PROBLEM,ULTRA SAM,https://www.youtube.com/watch?v=bAwQ_sCTWCU,11635,653,79,2026-05-20T00:15:01Z,319,https://i.ytimg.com/vi/bAwQ_sCTWCU/hqdefault.jpg,"In this Video i will show you BGMI 4.4 UPDATE KAISE KARE or BGMI NEW UPDATE NOT SHOWING IN PLAY STORE & APP STORE Solution in Detail So watch the video till End.

#bgminewupdate #bgmiupdate #bgmiupdat"
2026-05-21,YouTube,X-km0pTkGiA,Lets Play 4.4 New Update 🔥 ROAD TO 1 M | BGMI LIVE w S8UL BIXI,Bixi OP,https://www.youtube.com/watch?v=X-km0pTkGiA,76046,5136,25,2026-05-21T02:58:16Z,13083,https://i.ytimg.com/vi/X-km0pTkGiA/hqdefault.jpg,"Lets Play 4.4 New Update 🔥 ROAD TO 1 M | BGMI LIVE w S8UL BIXI

--------------------------------

Membership Link : https://www.youtube.com/channel/UCYLUQhFYadOoQHcHJ9KKStg/join

---------------------"
2026-05-21,YouTube,B8UiVE1Lcd4,🤣Trolling Noob In BGMI🤦‍♂️wait for end😆🤣bgmi funny #shorts #viralshort #trevogaming,Trevo Gaming,https://www.youtube.com/watch?v=B8UiVE1Lcd4,19213,4035,24,2026-05-21T00:31:25Z,51,https://i.ytimg.com/vi/B8UiVE1Lcd4/hqdefault.jpg,"🤣Trolling Noob In BGMI🤦‍♂️wait for end😆🤣bgmi funny #shorts #viralshort #trevogaming



Control & Sesitivity Here👇

https://instagram.com/trevo__gaming?i...

❤️ BGMI I'D ❤️
👇👇👇👇👇👇
 5457790069⚡️"
2026-05-21,YouTube,2ozIILDKTXo,BIG UPDATE 😍 Bgmi New Royale Pass | Next Prize Path in Bgmi | Bgmi 4.4 Update | Next Royal Pass,Gk Afroz,https://www.youtube.com/watch?v=2ozIILDKTXo,15310,2030,216,2026-05-21T02:17:43Z,536,https://i.ytimg.com/vi/2ozIILDKTXo/hqdefault.jpg,"BIG UPDATE 😍 Bgmi New Royale Pass | Next Prize Path in Bgmi | Bgmi 4.4 Update | Next Royal Pass

LAGOFAST :- https://play.google.com/store/apps/details?id=com.lagofast.mobile.acclerater

Code : froz
U"
2026-05-21,YouTube,OdE8fBg0gow,😨Unique Fielding By Enemy In Pubg/Bgmi❗️🤦‍♂️wait for end😆🤣bgmi funny #shorts #viralshort #trevo,Trevo Gaming,https://www.youtube.com/watch?v=OdE8fBg0gow,10129,2384,14,2026-05-21T00:35:58Z,50,https://i.ytimg.com/vi/OdE8fBg0gow/hqdefault.jpg,"😨Unique Fielding By Enemy In Pubg/Bgmi❗️🤦‍♂️wait for end😆🤣bgmi funny #shorts #viralshort #trevo



Control & Sesitivity Here👇

https://instagram.com/trevo__gaming?i...

❤️ BGMI I'D ❤️
👇👇👇👇👇👇
 54577900"
2026-05-22,YouTube,qilZXD0xfto,NEW BGMI 4.4 UPDATE ❤️HYDRA JALEBEE #shortsfeed #shortslive #shorts #live #bgmilive,JaLeBeeYT,https://www.youtube.com/watch?v=qilZXD0xfto,20066,510,0,2026-05-22T00:12:32Z,23170,https://i.ytimg.com/vi/qilZXD0xfto/hqdefault.jpg,"#shortsfeed #shortslive #shorts #live #bgmi #shorts #live #bgmi
✨MY BIO✨ 

🥨Name - Sanjana Badne
🍳IGN -     HYDRAxJALEBEE
🍟DEVICE - IPHONE  17 pro max

 
💕MY UPI💕

 UPIID - 7735005005


✨MY SOCIALS✨

"
2026-05-22,YouTube,MRDc_p3HPJQ,GOOD NEWS 😍 Akm Glacier in Classic Crate Bgmi | New Prize Path Trick | Next UC Up Event Bgmi Date,Gk Afroz,https://www.youtube.com/watch?v=MRDc_p3HPJQ,12999,1892,184,2026-05-22T02:35:58Z,417,https://i.ytimg.com/vi/MRDc_p3HPJQ/hqdefault.jpg,"GOOD NEWS 😍 Akm Glacier in Classic Crate Bgmi | New Prize Path Trick | Next UC Up Event Bgmi Date

Link~1 https://terasharefile.com/s/1X5K-OQoTBkllqOrsCsRp1w

Link~2 https://teraboxlink.com/s/1bamXK4e"
2026-05-22,YouTube,oUGrCYUJYx0,BGMI LIVE KANNADA | BGMI 4.4 UPDATE | KANNADA BGMI LIVE #bgmi #shortslive #shortsfeed #pubg #short,AnuShubha Live,https://www.youtube.com/watch?v=oUGrCYUJYx0,10728,1841,0,2026-05-22T02:59:01Z,0,https://i.ytimg.com/vi/oUGrCYUJYx0/hqdefault_live.jpg,"Welcome to the ultimate BGMI battleground where mythic power meets pure domination! 🔥👑
Today we unleash mythic power and dominate every fight in BGMI! 🔥💀

COOLER LINK : https://amzn.to/4cEy0w9
━━━━━━━"
2026-05-24,YouTube,zxCpzQBmHUA,NEW BGMI 4.4 UPDATE ❤️HYDRA JALEBEE #shortsfeed #shortslive #shorts #live #bgmilive,JaLeBeeYT,https://www.youtube.com/watch?v=zxCpzQBmHUA,25517,687,0,2026-05-24T00:25:09Z,22878,https://i.ytimg.com/vi/zxCpzQBmHUA/hqdefault.jpg,"#shortsfeed #shortslive #shorts #live #bgmi #shorts #live #bgmi
✨MY BIO✨ 

🥨Name - Sanjana Badne
🍳IGN -     HYDRAxJALEBEE
🍟DEVICE - IPHONE  17 pro max

 
💕MY UPI💕

 UPIID - 7735005005


✨MY SOCIALS✨

"
2026-05-24,YouTube,kw65SofbC4E,FINALY NEW UPDATE HERETO CONQUEROR #bgmi #pubgmobile #shorts #bxpushpalive,BX PUSHPA LIVE ,https://www.youtube.com/watch?v=kw65SofbC4E,22201,0,0,2026-05-24T04:02:23Z,12144,https://i.ytimg.com/vi/kw65SofbC4E/hqdefault.jpg,"FINALY NEW UPDATE HERETO CONQUEROR #bgmi #pubgmobile #shorts #bxpushpalive 

Device: I phone 13
Five Finger  
SOLO  🔥💀??Subscribe more guys  🥰￼￼

🏷️ Tags ••••••

#bgmi #pubg #shortfeed #shorts #shortl"
2026-05-24,YouTube,kH2NkHBzlB4,OFFICIAL 😍 M4 Glacier UC Spin Trick | M4 Glacier in Bgmi | Next Ultimate Outfit Bgmi | Bgmi   Update,Gk Afroz,https://www.youtube.com/watch?v=kH2NkHBzlB4,11769,1558,170,2026-05-24T02:45:05Z,615,https://i.ytimg.com/vi/kH2NkHBzlB4/hqdefault.jpg,"OFFICIAL 😍 M4 Glacier UC Spin Trick | M4 Glacier in Bgmi | Next Ultimate Outfit Bgmi | Bgmi   Update

AA JAAO TELEGRAM Me - https://t.me/GkAfroz


Instagram :- https://instagram.com/gk_afroz/




Abou"
2026-05-25,YouTube,TaZICu7U6EM,NEW BGMI 4.4 UPDATE ❤️HYDRA JALEBEE #shortsfeed #shortslive #shorts #live #bgmilive,JaLeBeeYT,https://www.youtube.com/watch?v=TaZICu7U6EM,27064,616,1,2026-05-25T00:19:11Z,22416,https://i.ytimg.com/vi/TaZICu7U6EM/hqdefault.jpg,"#shortsfeed #shortslive #shorts #live #bgmi #shorts #live #bgmi
✨MY BIO✨ 

🥨Name - Sanjana Badne
🍳IGN -     HYDRAxJALEBEE
🍟DEVICE - IPHONE  17 pro max

 
💕MY UPI💕

 UPIID - 7735005005


✨MY SOCIALS✨

"
2026-05-25,YouTube,t8i34WfOdDs,FINALY NEW UPDATE HERETO CONQUEROR #bgmi #pubgmobile #shorts #bxpushpalive,BX PUSHPA LIVE ,https://www.youtube.com/watch?v=t8i34WfOdDs,24533,0,0,2026-05-25T03:51:04Z,11183,https://i.ytimg.com/vi/t8i34WfOdDs/hqdefault.jpg,"FINALY NEW UPDATE HERETO CONQUEROR #bgmi #pubgmobile #shorts #bxpushpalive 

Device: I phone 12
Five Finger  
SOLO  🔥💀??Subscribe more guys  🥰￼￼

🏷️ Tags ••••••

#bgmi #pubg #shortfeed #shorts #shortl"
2026-05-25,YouTube,os1slHHhqhU,🥶TOP 100 CONQUERER RANK PUSH DAY- 3😎 | BGMI LIVE🔴 #pubgmobile #bgmi #shortslive,Mayur Gaming React,https://www.youtube.com/watch?v=os1slHHhqhU,18202,1062,0,2026-05-25T01:55:17Z,0,https://i.ytimg.com/vi/os1slHHhqhU/hqdefault_live.jpg,"NEW ROYAL PASS IS HERE🥶BGMI 4.4 NEW UPDATE IS HERE😎 #shorts #shortsfeed #shortslive #bgmi

TAGS-  BGMI Live, BGMI live Gameplay, Live Gamer, Live Gameplay, Live Streaming, PUBG Mobile Live, BGMI Gamep"
2026-05-25,YouTube,lMTzt621UtI,FINALLY 😍 Free Character Voucher Bgmi | Bgmi Anniversary Event | Bgmi Next Ultimate Set & Gun   ,Gk Afroz,https://www.youtube.com/watch?v=lMTzt621UtI,15315,1756,198,2026-05-25T02:35:09Z,604,https://i.ytimg.com/vi/lMTzt621UtI/hqdefault.jpg,"FINALLY 😍 Free Character Voucher Bgmi | Bgmi Anniversary Event | Bgmi Next Ultimate Set & Gun

Link~1 https://terasharefile.com/s/1n03x1mXqmVg_2w9ArO_3Ag

Link~2 https://teraboxlink.com/s/1bamXK4etTr8"
2026-05-25,YouTube,7VCdoFD8irg,BGMI LIVE KANNADA | BGMI 4.4 UPDATE | KANNADA BGMI LIVE #bgmi #shortslive #shortsfeed #pubg #short,AnuShubha Live,https://www.youtube.com/watch?v=7VCdoFD8irg,14819,2519,0,2026-05-25T03:03:20Z,0,https://i.ytimg.com/vi/7VCdoFD8irg/hqdefault_live.jpg,"Welcome to the ultimate BGMI battleground where mythic power meets pure domination! 🔥👑
Today we unleash mythic power and dominate every fight in BGMI! 🔥💀

COOLER LINK : https://amzn.to/4cEy0w9
━━━━━━━"
2026-05-25,YouTube,0HA_08VPAC8,BGMI Live 🔥 OP Gameplay | Aaj Chicken Dinner Pakka 😎,SONU IS LIVE,https://www.youtube.com/watch?v=0HA_08VPAC8,11508,203,0,2026-05-25T04:22:54Z,5285,https://i.ytimg.com/vi/0HA_08VPAC8/hqdefault.jpg,"BGMI Live 🔥 OP Gameplay | Aaj Chicken Dinner Pakka 😎

ROAD TO 200,000 / 200 K SUBSCRIBER ❤️ 

FULL BOOMBAAM BAAM RUSH GAMEPLAY 🔥 

If you liked the Video don’t forget to Like, Share and Subscribe.

He"
2026-05-25,YouTube,wmjkwO2B95A,FULL LOBBY DOMINATE IN 4.4 EVENT😍| BGMI LIVE | #bgmi #shorts  #pubgmobile #handcam,Masoom Gaming,https://www.youtube.com/watch?v=wmjkwO2B95A,10408,140,0,2026-05-25T04:33:08Z,13111,https://i.ytimg.com/vi/wmjkwO2B95A/hqdefault.jpg,"FULL LOBBY DOMINATE IN 4.4 EVENT😍| BGMI LIVE | #bgmi #shorts  #pubgmobile #handcam
Device - IPAD PRO M4
Headphones - RAZER BLACKSHARK V2X USB
Screen mirror - Douwan vip
..............................."
2026-05-26,YouTube,1zQaDEO3Lpw,Conqueror Today? | vvvSerious Rank Push | BGMI | S8uLSheek,SHEEK GAMING,https://www.youtube.com/watch?v=1zQaDEO3Lpw,62493,2642,6,2026-05-26T00:04:49Z,25515,https://i.ytimg.com/vi/1zQaDEO3Lpw/hqdefault.jpg,"ig- ig.sheek
upi- sheek2310@okhdfcbank"
2026-05-26,YouTube,7FnrE8qtID0,🔴 4.4 BGMI NEW UPDATE ❤️🥰💗 #bgmi #bgmilive 💗,Miss Senorita,https://www.youtube.com/watch?v=7FnrE8qtID0,37771,454,0,2026-05-26T04:20:17Z,15109,https://i.ytimg.com/vi/7FnrE8qtID0/hqdefault.jpg,"https://www.youtube.com/channel/UCHjhEGwR8DG8MxhY8FdVWoA/join
 
linktree - https://linktr.ee/dollysadnani 

hey peeps! Thanks for joining ❤️and  Welcome to my channel Miss Senorita
first, I would love"
2026-05-26,YouTube,ab5hmh69Loo,NEW BGMI 4.4 UPDATE ❤️HYDRA JALEBEE #shortsfeed #shortslive #shorts #live #bgmilive,JaLeBeeYT,https://www.youtube.com/watch?v=ab5hmh69Loo,32662,835,0,2026-05-26T00:55:40Z,27053,https://i.ytimg.com/vi/ab5hmh69Loo/hqdefault.jpg,"#shortsfeed #shortslive #shorts #live #bgmi #shorts #live #bgmi
✨MY BIO✨ 

🥨Name - Sanjana Badne
🍳IGN -     HYDRAxJALEBEE
🍟DEVICE - IPHONE  17 pro max

 
💕MY UPI💕

 UPIID - 7735005005


✨MY SOCIALS✨

"
2026-05-26,YouTube,7y1GWv7Jmtg,Money vs Knowledge: Which one is more powerful? 🤔 #shorts #viral #bgmi #freefire #sadstatus #gaming,Game Vala Bhai,https://www.youtube.com/watch?v=7y1GWv7Jmtg,22487,0,0,2026-05-26T00:30:04Z,28,https://i.ytimg.com/vi/7y1GWv7Jmtg/hqdefault.jpg,"#1v4clutch#bgmi#bgmiclutch#jonathan#bgmishorts#bgmilive#pubg#pubg120fps#pubgm

#bgmisensitivity 
#bgmbestsensitivity
#bgmi60fpsconfig 
#bgmi120fps 
#bgmi120fpsconfig
#pubg120fpsconfig 
#bgmitrendingsh"
2026-05-26,YouTube,boR3YLamkdI,FINALY NEW UPDATE HERETO CONQUEROR #bgmi #pubgmobile #shorts #bxpushpalive,BX PUSHPA LIVE ,https://www.youtube.com/watch?v=boR3YLamkdI,14134,0,0,2026-05-26T04:09:58Z,12311,https://i.ytimg.com/vi/boR3YLamkdI/hqdefault.jpg,"FINALY NEW UPDATE HERETO CONQUEROR #bgmi #pubgmobile #shorts #bxpushpalive 

Device: I phone 13
Five Finger  
SOLO  🔥💀??Subscribe more guys  🥰￼￼

🏷️ Tags ••••••

#bgmi #pubg #shortfeed #shorts #shortl"
2026-05-26,YouTube,3weG8Slbrf0,CONQUEROR RANK PUSH TOP 100 | BGMI 4.4 UPDATE FULL DOMINATION GAMEPLAY 😱🔥 #shortlive #bgmi #live,GLACIER BOY LIVE,https://www.youtube.com/watch?v=3weG8Slbrf0,12110,407,0,2026-05-26T00:03:02Z,35147,https://i.ytimg.com/vi/3weG8Slbrf0/hqdefault.jpg,"BGMI 4.4 UPDATE FULL DOMINATION GAMEPLAY 😱🔥 #shortlive #bgmi #live #pubg 
 #funny #shortsfeed  #pubgmobile #pubgm #bgmi #shorts #funnyshorts 
#videogames​ 
#bgminewupdate​
#shortsvideo​ 
#jonathan​
#s"
2026-05-26,YouTube,6lEVgwedwqM,Conqueror Lobby Hacker in BGMI | #bgmi,HASAN PlaysYT,https://www.youtube.com/watch?v=6lEVgwedwqM,10137,1685,29,2026-05-26T03:00:11Z,165,https://i.ytimg.com/vi/6lEVgwedwqM/hqdefault.jpg,"Thanks For Watching🎮⚡ #bgmi #youtubeshorts #shortsfeed #viralvideoshorts #trending
         ‪‪


#bgmishortsviralkaisekare
#bgmishortsfunny
#bgmishortstdm
#bgmishortseditingvn



Tags 🍂

Ненужные теги"
2026-05-27,YouTube,aS4ChUH4Dog,CONQUEROR DONE | RANK PUSH TO TOP 100 BEGINS | BGMI LIVE #iQOORankPush,LoLzZz Gaming,https://www.youtube.com/watch?v=aS4ChUH4Dog,345620,18956,17,2026-05-27T00:01:49Z,24903,https://i.ytimg.com/vi/aS4ChUH4Dog/hqdefault.jpg,"INSTAGRAM -  ￼ / lolzzzgaming  

UPI - lolzzz@ptyes


BGMI Live ‪@LoLzZzGaming‬ 
#iQOO 
#iQOO15
#bgmi #lolz #lolzz #lolzzz #lolzgaming #lolzzgaming #lolzzzgaming #lolzzzgamingyt"
2026-05-27,YouTube,NNwHwnvSmOk,HILL CLIMB RACE NEW SATGE CHALLENGE @M_YADAV_is_LIVE  @ANSARIISLIVE6  #bgmi  #1V3M24,ANSARIISLIVE6,https://www.youtube.com/watch?v=NNwHwnvSmOk,267195,1765,0,2026-05-27T04:41:24Z,4228,https://i.ytimg.com/vi/NNwHwnvSmOk/hqdefault.jpg,"1V3 WIN ROYAL PASS @M YADAV IS LIVE @ANSARI IS LIVE
#bgmi #pubgmobile #shorts #shortvideo #1v4 #1vs4 #battlegroundmobileindia #bgmiindia #livestream #shortlive @ANSARIISLIVE #bgmishorts"
2026-05-27,YouTube,FK3OtCjjiWY,CUSTOM ROOM | 1v1 TDM | CLASSIC GAMEPLAY | BGMI LIVE WITH KHWAISH#pubgmobile #pubg #bgmi #pubgm,Khwaish Gaming YT,https://www.youtube.com/watch?v=FK3OtCjjiWY,30786,606,0,2026-05-27T00:18:04Z,23207,https://i.ytimg.com/vi/FK3OtCjjiWY/hqdefault.jpg,"Hey Cuties🥰 !! Khwaish This Side Recently I Started Streaming BGMI , Have A Look And Enjoy The Stream 🤍☀ 

💥 𝘽𝙂𝙈𝙄 𝙄𝘿  - 5375486753 💥

🔴 STREAM TIMING = 8 pm 

🔴 INTSA = khwaishgamingyt 

🔴 UPI = khwai"
2026-05-27,YouTube,07p_O2G2twQ,Streamer shocked reaction #shorts #bgmi #pubg,BroVerse,https://www.youtube.com/watch?v=07p_O2G2twQ,14527,610,4,2026-05-27T02:30:18Z,20,https://i.ytimg.com/vi/07p_O2G2twQ/hqdefault.jpg,Streamer shocked reaction #shorts #bgmi #pubg
2026-05-27,YouTube,07p_O2G2twQ,Streamer shocked reaction #shorts #bgmi #pubg,BroVerse,https://www.youtube.com/watch?v=07p_O2G2twQ,14527,610,4,2026-05-27T02:30:18Z,20,https://i.ytimg.com/vi/07p_O2G2twQ/hqdefault.jpg,Streamer shocked reaction #shorts #bgmi #pubg
2026-05-27,YouTube,kn-je9gvStY,INSANE NEW GLADIATOR ULTIMATE MAXING & GUN LAB! 🔥 PUBG MOBILE LIVE,Wynnsanity,https://www.youtube.com/watch?v=kn-je9gvStY,12945,1588,0,2026-05-27T02:26:39Z,0,https://i.ytimg.com/vi/kn-je9gvStY/hqdefault_live.jpg,"Thank you to #PUBGMOBILE for sponsoring today's video! Support my channel by downloading PUBG MOBILE for FREE here: https://pubgmobile.live/PUBGMPartner_Wynnsanity #PUBGMOBILE_Partner

► Become a Memb"
2026-05-27,YouTube,L5QvtU6KK-U,🥶TODAY CONQUERER POSSIBLE DAY- 5 ??😎 | BGMI LIVE🔴 #pubgmobile #bgmi #shortslive,Mayur Gaming React,https://www.youtube.com/watch?v=L5QvtU6KK-U,11567,769,0,2026-05-27T02:09:00Z,0,https://i.ytimg.com/vi/L5QvtU6KK-U/hqdefault_live.jpg,"NEW ROYAL PASS IS HERE🥶BGMI 4.4 NEW UPDATE IS HERE😎 #shorts #shortsfeed #shortslive #bgmi

TAGS-  BGMI Live, BGMI live Gameplay, Live Gamer, Live Gameplay, Live Streaming, PUBG Mobile Live, BGMI Gamep"
2026-05-27,YouTube,1NFRR4A1QYc,Conqueror Lobby Fight | #bgmi,HASAN PlaysYT,https://www.youtube.com/watch?v=1NFRR4A1QYc,11336,1790,48,2026-05-27T03:00:08Z,166,https://i.ytimg.com/vi/1NFRR4A1QYc/hqdefault.jpg,"Thanks For Watching🎮⚡ #bgmi #youtubeshorts #shortsfeed #viralvideoshorts #trending
         ‪‪


#bgmishortsviralkaisekare
#bgmishortsfunny
#bgmishortstdm
#bgmishortseditingvn



Tags 🍂

Ненужные теги"
2026-05-28,YouTube,EwYGx4WqcdM,CUSTOM ROOM | 1v1 TDM | CLASSIC GAMEPLAY | BGMI LIVE WITH KHWAISH#pubgmobile #pubg #bgmi #pubgm,Khwaish Gaming YT,https://www.youtube.com/watch?v=EwYGx4WqcdM,41256,790,0,2026-05-28T00:35:33Z,26778,https://i.ytimg.com/vi/EwYGx4WqcdM/hqdefault.jpg,"Hey Cuties🥰 !! Khwaish This Side Recently I Started Streaming BGMI , Have A Look And Enjoy The Stream 🤍☀ 

💥 𝘽𝙂𝙈𝙄 𝙄𝘿  - 5375486753 💥

🔴 STREAM TIMING = 8 pm 

🔴 INTSA = khwaishgamingyt 

🔴 UPI = khwai"
2026-05-28,YouTube,yT8n-M2InjQ,Next Level Camping #shorts #bgmi #pubg,BroVerse,https://www.youtube.com/watch?v=yT8n-M2InjQ,12167,483,1,2026-05-28T01:30:20Z,22,https://i.ytimg.com/vi/yT8n-M2InjQ/hqdefault.jpg,Next Level Camping #shorts #bgmi #pubg
2026-05-28,YouTube,Qk9WKPJEa6E,Instance fight in BGMI | #bgmi,HASAN PlaysYT,https://www.youtube.com/watch?v=Qk9WKPJEa6E,11205,2415,183,2026-05-28T03:00:36Z,164,https://i.ytimg.com/vi/Qk9WKPJEa6E/hqdefault.jpg,"Thanks For Watching🎮⚡ #bgmi #youtubeshorts #shortsfeed #viralvideoshorts #trending
         ‪‪


#bgmishortsviralkaisekare
#bgmishortsfunny
#bgmishortstdm
#bgmishortseditingvn



Tags 🍂

Ненужные теги"
2026-05-28,YouTube,pOcYjog67ys,M416 GLACIER UNLOCK 😍 Bgmi Next Bonus Pass Date | A19 Bonus Pass | How to Get M4 Glacier in Bgmi,Gk Afroz,https://www.youtube.com/watch?v=pOcYjog67ys,10006,1349,146,2026-05-28T02:46:10Z,663,https://i.ytimg.com/vi/pOcYjog67ys/hqdefault.jpg,M416 GLACIER UNLOCK 😍 Bgmi Next Bonus Pass Date | A19 Bonus Pass | How to Get M4 Glacier in Bgmi
2026-05-29,YouTube,76l9jDyEALc,BGMI Live 🔥 OP Gameplay | Aaj Chicken Dinner Pakka 😎,SONU IS LIVE,https://www.youtube.com/watch?v=76l9jDyEALc,11142,291,0,2026-05-29T04:57:22Z,7408,https://i.ytimg.com/vi/76l9jDyEALc/hqdefault.jpg,"BGMI Live 🔥 OP Gameplay | Aaj Chicken Dinner Pakka 😎

ROAD TO 200,000 / 200 K SUBSCRIBER ❤️ 

FULL BOOMBAAM BAAM RUSH GAMEPLAY 🔥 

If you liked the Video don’t forget to Like, Share and Subscribe.

He"
2026-05-30,YouTube,jwxfpDm4W1U,Why Knowledge Is the True Currency of Success #shorts #bgmi #sad #love #fypシ゚viral #viralshort #fun,Game Vala Bhai,https://www.youtube.com/watch?v=jwxfpDm4W1U,34059,0,1,2026-05-30T00:30:37Z,28,https://i.ytimg.com/vi/jwxfpDm4W1U/hqdefault.jpg,"#1v4clutch#bgmi#bgmiclutch#jonathan#bgmishorts#bgmilive#pubg#pubg120fps#pubgm

#bgmisensitivity 
#bgmbestsensitivity
#bgmi60fpsconfig 
#bgmi120fps 
#bgmi120fpsconfig
#pubg120fpsconfig 
#bgmitrendingsh"
2026-05-31,YouTube,xgN55z-qK84,HILL CLIMB RACE NEW SATGE CHALLENGE @M_YADAV_is_LIVE  @ANSARIISLIVE6  #bgmi  #1V3M24,ANSARIISLIVE6,https://www.youtube.com/watch?v=xgN55z-qK84,371379,0,0,2026-05-31T04:16:17Z,3210,https://i.ytimg.com/vi/xgN55z-qK84/hqdefault.jpg,"1V3 WIN ROYAL PASS @M YADAV IS LIVE @ANSARI IS LIVE
#bgmi #pubgmobile #shorts #shortvideo #1v4 #1vs4 #battlegroundmobileindia #bgmiindia #livestream #shortlive @ANSARIISLIVE #bgmishorts"
2026-05-31,YouTube,bDsskreZjnw,NEW BGMI 4.4 UPDATE ❤️HYDRA JALEBEE #shortsfeed #shortslive #shorts #live #bgmilive,JaLeBeeYT,https://www.youtube.com/watch?v=bDsskreZjnw,27063,0,0,2026-05-31T00:22:52Z,24721,https://i.ytimg.com/vi/bDsskreZjnw/hqdefault.jpg,"#shortsfeed #shortslive #shorts #live #bgmi #shorts #live #bgmi
✨MY BIO✨ 

🥨Name - Sanjana Badne
🍳IGN -     HYDRAxJALEBEE
🍟DEVICE - IPHONE  17 pro max

 
💕MY UPI💕

 UPIID - 7735005005


✨MY SOCIALS✨

"
2026-05-31,YouTube,5c1cBdJD2Pw,best landing & new power 🔥 #bgmi #clutch #gaming ,SPY Prince Gaming,https://www.youtube.com/watch?v=5c1cBdJD2Pw,11897,0,0,2026-05-31T01:54:13Z,48,https://i.ytimg.com/vi/5c1cBdJD2Pw/hqdefault.jpg,"Thanks for Watching❤️🙏🏻
#bgmi #pubg #pubgmobile #pubgfunnymoments #pubgfunny 
#youtubeshorts #shortsfeed 
#viralvideoshorts #trending
#bgmishortsviralkaisekare
#bgmishortsfunny
#bgmishortstdm
#bgmisho"
2026-05-31,YouTube,1jjzVQD9Y1Q,BGMI  4.4 UPDATE IS HERE  / BGMI LIVE /MARATHI HINDI / GAARA PLAYZ YT  #bgmi #bgmilive #shortsfeed,Gaara Playz,https://www.youtube.com/watch?v=1jjzVQD9Y1Q,10648,0,0,2026-05-31T04:44:13Z,14451,https://i.ytimg.com/vi/1jjzVQD9Y1Q/hqdefault.jpg,"Welcome To Gaara PLAYZ  YouTube Channel!

Make Sure to Like 👍 Share & Subscribe the Channel & Also Press the “🔔” icon to get notified for upcoming videos ❤️. Thankyou

⌚Watch frame is used ONLY for vi"
2026-06-01,YouTube,n1HDjgN6vUc,"TEAMCODES , Rank Push #jonathan #girlgamer #shortsviral #apex #viralfeed #shortsfeed #viral #bgmi",Aish Playz,https://www.youtube.com/watch?v=n1HDjgN6vUc,28253,1114,0,2026-06-01T00:24:46Z,34766,https://i.ytimg.com/vi/n1HDjgN6vUc/hqdefault.jpg,Show LOVE and SUPPORT                                                                                                                                                                            Hey pea
2026-06-01,YouTube,1KJ86atImsk,New Harley Davidson In Inventory 💀! #bgmi #shorts #desiplayz,DESI PLAYz,https://www.youtube.com/watch?v=1KJ86atImsk,19964,3296,23,2026-06-01T02:50:17Z,49,https://i.ytimg.com/vi/1KJ86atImsk/hqdefault.jpg,
2026-06-01,YouTube,Ii20QC1pUko,Knowledge vs. Money: The Better Path to Success #bgmi #shorts #fypシ゚viral #sad #love #trendingnow,Game Vala Bhai,https://www.youtube.com/watch?v=Ii20QC1pUko,15225,0,0,2026-06-01T03:00:38Z,28,https://i.ytimg.com/vi/Ii20QC1pUko/hqdefault.jpg,"#1v4clutch#bgmi#bgmiclutch#jonathan#bgmishorts#bgmilive#pubg#pubg120fps#pubgm

#bgmisensitivity 
#bgmbestsensitivity
#bgmi60fpsconfig 
#bgmi120fps 
#bgmi120fpsconfig
#pubg120fpsconfig 
#bgmitrendingsh"
2026-06-01,YouTube,W-bF6uZRqAA,Ronaldo or Messi #shorts #bgmi #pubg,BroVerse,https://www.youtube.com/watch?v=W-bF6uZRqAA,15194,1754,12,2026-06-01T03:30:13Z,53,https://i.ytimg.com/vi/W-bF6uZRqAA/hqdefault.jpg,Ronaldo or Messi #shorts #bgmi #pubg
2026-06-01,YouTube,fIKAdBYTz5I,New Aug Skin Create opening | #bgmi,HASAN PlaysYT,https://www.youtube.com/watch?v=fIKAdBYTz5I,14337,2258,71,2026-06-01T03:00:05Z,164,https://i.ytimg.com/vi/fIKAdBYTz5I/hqdefault.jpg,"Thanks For Watching🎮⚡ #bgmi #youtubeshorts #shortsfeed #viralvideoshorts #trending
         ‪‪


#bgmishortsviralkaisekare
#bgmishortsfunny
#bgmishortstdm
#bgmishortseditingvn



Tags 🍂

Ненужные теги"
2026-06-01,YouTube,_sl5S4wWqbY,LIVE VERTICAL - Bloodfeather Spartan  Ultimate Crate | BGMI | PUBG MOBILE |,Beast is Live,https://www.youtube.com/watch?v=_sl5S4wWqbY,12895,107,0,2026-06-01T01:21:07Z,13725,https://i.ytimg.com/vi/_sl5S4wWqbY/hqdefault.jpg,"#shortsfeed #shortslive #pubg
PUBG ID - 5564860546
5 Finger Gameplay 

PC setup link - https://youtube.com/shorts/ilrBN5pk5D4

PC specs: 
Processor: 11th Gen Intel(R) Core(TM) i9-11900KF @ 3.50GHz 
RA"
2026-06-02,YouTube,DhgueXLMmSU,HILL CLIMB RACE NEW SATGE CHALLENGE @M_YADAV_is_LIVE  @ANSARIISLIVE6  #bgmi  #1V3M24,ANSARIISLIVE6,https://www.youtube.com/watch?v=DhgueXLMmSU,99405,1543,0,2026-06-02T05:03:13Z,3921,https://i.ytimg.com/vi/DhgueXLMmSU/hqdefault.jpg,"1V3 WIN ROYAL PASS @M YADAV IS LIVE @ANSARI IS LIVE
#bgmi #pubgmobile #shorts #shortvideo #1v4 #1vs4 #battlegroundmobileindia #bgmiindia #livestream #shortlive @ANSARIISLIVE #bgmishorts"
2026-06-02,YouTube,u9qtGGloSDY,BIG ANNOUNCEMENT 😍 Bgmi Anniversary Event | A19 Bonus Pass | Old Mode Return Date | Bgmi 4.4 Update,Gk Afroz,https://www.youtube.com/watch?v=u9qtGGloSDY,13813,1734,228,2026-06-02T02:37:26Z,487,https://i.ytimg.com/vi/u9qtGGloSDY/hqdefault.jpg,"BIG ANNOUNCEMENT 😍 Bgmi Anniversary Event | A19 Bonus Pass | Old Mode Return Date | Bgmi 4.4 Update

Link-1 https://terasharelink.com/s/1ne66jxeUxVq3sJVK9l9lgw

Link-2 https://teraboxshare.com/s/1dUwz"
2026-06-02,YouTube,SAWRL9zIqvM,Do Subscribe If You Like 🥺 #bgmi,Clutch Gabru,https://www.youtube.com/watch?v=SAWRL9zIqvM,10196,226,1,2026-06-02T02:20:51Z,28,https://i.ytimg.com/vi/SAWRL9zIqvM/hqdefault.jpg,
2026-06-03,YouTube,7dUemvoJ1c0,What talkk? 110k uc New Spin | iQOOSouLGoBLiN is Live Scrims BGMI!🚀,Goblin,https://www.youtube.com/watch?v=7dUemvoJ1c0,245262,14571,110,2026-06-03T00:34:51Z,35115,https://i.ytimg.com/vi/7dUemvoJ1c0/hqdefault.jpg,"► Instagram - https://www.instagram.com/goblinn_64?igsh=N2s4eTcxc2lxdzY=

► Kick :  https://kick.com/soulgoblin

► Shorts Channel : https://www.youtube.com/@goblinsh0rts

► Join the channel membership"
2026-06-03,YouTube,p88ZiTACk-o,Ye kab fix hoga😭 #bgmi #pubgmobile,ThunderTwins,https://www.youtube.com/watch?v=p88ZiTACk-o,15147,0,13,2026-06-03T05:00:23Z,33,https://i.ytimg.com/vi/p88ZiTACk-o/hqdefault.jpg,
2026-06-03,YouTube,UlBJ6B_LYXI,2018 Bgmi Player's in 2050 🤣 Bgmi Funny Shorts #bgmi #bgmishorts #ajax #funny #shorts,Ajax Gaming,https://www.youtube.com/watch?v=UlBJ6B_LYXI,11438,1435,24,2026-06-03T05:38:19Z,60,https://i.ytimg.com/vi/UlBJ6B_LYXI/hqdefault.jpg,
2026-06-03,YouTube,f-h_oWyYDDM,Best Hairstyle in BGMI | #bgmi,HASAN PlaysYT,https://www.youtube.com/watch?v=f-h_oWyYDDM,10008,1969,46,2026-06-03T03:00:03Z,165,https://i.ytimg.com/vi/f-h_oWyYDDM/hqdefault.jpg,"Thanks For Watching🎮⚡ #bgmi #youtubeshorts #shortsfeed #viralvideoshorts #trending
         ‪‪


#bgmishortsviralkaisekare
#bgmishortsfunny
#bgmishortstdm
#bgmishortseditingvn



Tags 🍂

Ненужные теги"
2026-06-04,YouTube,Ks_FObkX254,FINALY NEW UPDATE HERETO CONQUEROR #bgmi #pubgmobile #shorts #bxpushpalive,BX PUSHPA LIVE ,https://www.youtube.com/watch?v=Ks_FObkX254,19369,0,0,2026-06-04T04:23:55Z,13377,https://i.ytimg.com/vi/Ks_FObkX254/hqdefault.jpg,"FINALY NEW UPDATE HERETO CONQUEROR #bgmi #pubgmobile #shorts #bxpushpalive 

Device: I phone 13
Five Finger  
SOLO  🔥💀??Subscribe more guys  🥰￼￼


🔴Cheep Price UC purchase 🔥￼🖇️ https://classysmile.in/"
2026-06-04,YouTube,dcSaeWK1YXM,How to Do Car Spray ? #bgmi #shorts #trending,RAVEN SHARP YOUTUBE,https://www.youtube.com/watch?v=dcSaeWK1YXM,13878,1067,15,2026-06-04T02:30:26Z,15,https://i.ytimg.com/vi/dcSaeWK1YXM/hqdefault.jpg,"Join this channel to get access to perks:
https://www.youtube.com/channel/UC7bFZFmpNCwl7NN-RLj8hgw/join"
2026-06-04,YouTube,AP7qRTmDCDQ,Playing New 4.4 Update With Teamcodes 🔥  #bgmi #pubgm #shortsfeed #messgaming,Mess,https://www.youtube.com/watch?v=AP7qRTmDCDQ,11207,496,4,2026-06-04T04:16:45Z,30188,https://i.ytimg.com/vi/AP7qRTmDCDQ/hqdefault.jpg,"Welcome to my stream!
Thanks for watching!
LIKE • SHARE • SUBSCRIBE

★★ SOCIAL MEDIA ★★

➥ Insta  : https://www.instagram.com/ig_messs
➥ Discord :  https://discord.com/invite/ZBaGjgwtrE
➥ Join : https"
2026-06-05,YouTube,cHhqAXbI8Rk,CUSTOM ROOM | 1v1 TDM | CLASSIC GAMEPLAY | BGMI LIVE WITH KHWAISH#pubgmobile #pubg #bgmi #pubgm,Khwaish Gaming YT,https://www.youtube.com/watch?v=cHhqAXbI8Rk,34709,788,3,2026-06-05T00:28:13Z,25332,https://i.ytimg.com/vi/cHhqAXbI8Rk/hqdefault.jpg,"Hey Cuties🥰 !! Khwaish This Side Recently I Started Streaming BGMI , Have A Look And Enjoy The Stream 🤍☀ 

💥 𝘽𝙂𝙈𝙄 𝙄𝘿  - 5375486753 💥

🔴 STREAM TIMING = 8 pm 

🔴 INTSA = khwaishgamingyt 

🔴 UPI = khwai"
2026-06-05,YouTube,5K3OWVOVLgM,FINALLY 😍 AKM Glacier in Classic Crate Bgmi | M4 Glacier Return Again | Bgmi Anniversary Update,Gk Afroz,https://www.youtube.com/watch?v=5K3OWVOVLgM,16265,2279,181,2026-06-05T02:37:03Z,627,https://i.ytimg.com/vi/5K3OWVOVLgM/hqdefault.jpg,"FINALLY 😍 AKM Glacier in Classic Crate Bgmi | M4 Glacier Return Again | Bgmi Anniversary Update

GET UC 🔥
Link : https://tinyurl.com/3hsp457s



AA JAAO TELEGRAM Me - https://t.me/GkAfroz


Instagram "
2026-06-06,YouTube,fJ6wYP4Izxg,CUSTOM ROOM | 1v1 TDM | CLASSIC GAMEPLAY | BGMI LIVE WITH KHWAISH#pubgmobile #pubg #bgmi #pubgm,Khwaish Gaming YT,https://www.youtube.com/watch?v=fJ6wYP4Izxg,38094,832,0,2026-06-06T00:51:05Z,26377,https://i.ytimg.com/vi/fJ6wYP4Izxg/hqdefault.jpg,"Hey Cuties🥰 !! Khwaish This Side Recently I Started Streaming BGMI , Have A Look And Enjoy The Stream 🤍☀ 

💥 𝘽𝙂𝙈𝙄 𝙄𝘿  - 5375486753 💥

🔴 STREAM TIMING = 8 pm 

🔴 INTSA = khwaishgamingyt 

🔴 UPI = khwai"
2026-06-06,YouTube,PtRMBgu6CjY,STREAMING UNTIL SEVEN WWCD|| PUMPKIN IS LIVE|| GIRL GAMER  #bgmi #bgmilive #explore #live #girlgamer,PUMPKIN GAMING,https://www.youtube.com/watch?v=PtRMBgu6CjY,32970,1036,6,2026-06-06T00:43:17Z,31612,https://i.ytimg.com/vi/PtRMBgu6CjY/hqdefault.jpg,"Make Sure You Enjoy The Live And Do Not Forget To Subscribe The Channel 
Instagram: Pumpkingamingg
Discord: https://discord.gg/uf4yMYNqs
Email: pumpkingaming27@gmail.com
Membership link: https://www.y"
2026-06-06,YouTube,t73uPiPCyD0,Money 📑vs. Knowledge💰: The Real Difference in 2026 #shorts #bgmi #gaming #foryoupage #sad #love,Game Vala Bhai,https://www.youtube.com/watch?v=t73uPiPCyD0,26528,0,1,2026-06-06T00:30:34Z,28,https://i.ytimg.com/vi/t73uPiPCyD0/hqdefault.jpg,"#1v4clutch#bgmi#bgmiclutch#jonathan#bgmishorts#bgmilive#pubg#pubg120fps#pubgm

#bgmisensitivity 
#bgmbestsensitivity
#bgmi60fpsconfig 
#bgmi120fps 
#bgmi120fpsconfig
#pubg120fpsconfig 
#bgmitrendingsh"
2026-06-06,YouTube,VjzeoeBfMGA,LIVE VERTICAL - Bloodfeather Spartan  Ultimate Crate | BGMI | PUBG MOBILE |,Beast is Live,https://www.youtube.com/watch?v=VjzeoeBfMGA,11833,81,0,2026-06-06T00:48:56Z,11109,https://i.ytimg.com/vi/VjzeoeBfMGA/hqdefault.jpg,"#shortsfeed #shortslive #pubg
PUBG ID - 5564860546
5 Finger Gameplay 

PC setup link - https://youtube.com/shorts/ilrBN5pk5D4

PC specs: 
Processor: 11th Gen Intel(R) Core(TM) i9-11900KF @ 3.50GHz 
RA"
2026-06-06,YouTube,_Tzoudjk4YA,Playing New 4.4 Update With Teamcodes 🔥  #bgmi #pubgm #shortsfeed #messgaming,Mess,https://www.youtube.com/watch?v=_Tzoudjk4YA,10788,479,5,2026-06-06T04:23:25Z,30205,https://i.ytimg.com/vi/_Tzoudjk4YA/hqdefault.jpg,"Welcome to my stream!
Thanks for watching!
LIKE • SHARE • SUBSCRIBE

★★ SOCIAL MEDIA ★★

➥ Insta  : https://www.instagram.com/ig_messs
➥ Discord :  https://discord.com/invite/ZBaGjgwtrE
➥ Join : https"
2026-06-07,YouTube,U5IPxDt4MFU,Best Gaming Cooler Only 99₹ #samsunggalaxys24 #samsunggalaxys24ultra #gaming #cooler #bgmi #pubg,Sense ,https://www.youtube.com/watch?v=U5IPxDt4MFU,34945,489,21,2026-06-07T01:49:11Z,21,https://i.ytimg.com/vi/U5IPxDt4MFU/hqdefault.jpg,
2026-06-07,YouTube,IbOPn9-PPuQ,CUSTOM ROOM | 1v1 TDM | CLASSIC GAMEPLAY | BGMI LIVE WITH KHWAISH#pubgmobile #pubg #bgmi #pubgm,Khwaish Gaming YT,https://www.youtube.com/watch?v=IbOPn9-PPuQ,34434,898,0,2026-06-07T00:36:44Z,26235,https://i.ytimg.com/vi/IbOPn9-PPuQ/hqdefault.jpg,"Hey Cuties🥰 !! Khwaish This Side Recently I Started Streaming BGMI , Have A Look And Enjoy The Stream 🤍☀ 

💥 𝘽𝙂𝙈𝙄 𝙄𝘿  - 5375486753 💥

🔴 STREAM TIMING = 8 pm 

🔴 INTSA = khwaishgamingyt 

🔴 UPI = khwai"
2026-06-07,YouTube,iwFNjaFO6nI,FINALY NEW UPDATE HERETO CONQUEROR #bgmi #pubgmobile #shorts #bxpushpalive,BX PUSHPA LIVE ,https://www.youtube.com/watch?v=iwFNjaFO6nI,28386,0,0,2026-06-07T05:01:50Z,15326,https://i.ytimg.com/vi/iwFNjaFO6nI/hqdefault.jpg,"FINALY NEW UPDATE HERETO CONQUEROR #bgmi #pubgmobile #shorts #bxpushpalive 

Device: I phone 13
Five Finger  
SOLO  🔥💀??Subscribe more guys  🥰￼￼


🔴Cheep Price UC purchase 🔥￼🖇️ https://classysmile.in/"
2026-06-07,YouTube,B_Nh7a4LTCw,ZHYRX IS LIVE | SCRIMS WITH TEAM LHS | #bgmi,Zhyrx Gaming,https://www.youtube.com/watch?v=B_Nh7a4LTCw,28312,2283,18,2026-06-07T01:26:11Z,9630,https://i.ytimg.com/vi/B_Nh7a4LTCw/hqdefault.jpg,"#zhyrxgaming #bgmi
------------------------------------------------
• About •
→ Gaming Since 2012 PC+🎮
→ Name – Mohammed Shuaib
→ Interest – Streaming and eSports.
→ Age – 19
→ Device - IPhone 16 Pro "
2026-06-07,YouTube,fND0OyzboMI,"TEAMCODES , Rank Push #jonathan #girlgamer #shortsviral #apex #viralfeed #shortsfeed #viral #bgmi",Aish Playz,https://www.youtube.com/watch?v=fND0OyzboMI,18954,812,0,2026-06-07T01:46:05Z,38148,https://i.ytimg.com/vi/fND0OyzboMI/hqdefault.jpg,Show LOVE and SUPPORT                                                                                                                                                                            Hey pea
2026-06-07,YouTube,BpCVj8ntJvI,BIG NEWS 🔴 AKM Glacier | Shinobi Kami M416 Return | Bgmi 4.5 Update | Dinosaur Update Features,Gk Afroz,https://www.youtube.com/watch?v=BpCVj8ntJvI,14771,1919,206,2026-06-07T02:46:21Z,598,https://i.ytimg.com/vi/BpCVj8ntJvI/hqdefault.jpg,"BIG NEWS 🔴 AKM Glacier | Shinobi Kami M416 Return | Bgmi 4.5 Update | Dinosaur Update Features

Link-1 https://teraboxshare.com/s/1aRUYsGWF_TaIreD4kzaZVQ

Link-2 https://terasharelink.com/s/16Rl5SOkP1"
2026-06-08,YouTube,KAfCnxNrCPg,CUSTOM ROOM | 1v1 TDM | CLASSIC GAMEPLAY | BGMI LIVE WITH KHWAISH#pubgmobile #pubg #bgmi #pubgm,Khwaish Gaming YT,https://www.youtube.com/watch?v=KAfCnxNrCPg,32469,780,0,2026-06-08T01:00:49Z,27452,https://i.ytimg.com/vi/KAfCnxNrCPg/hqdefault.jpg,"Hey Cuties🥰 !! Khwaish This Side Recently I Started Streaming BGMI , Have A Look And Enjoy The Stream 🤍☀ 

💥 𝘽𝙂𝙈𝙄 𝙄𝘿  - 5375486753 💥

🔴 STREAM TIMING = 8 pm 

🔴 INTSA = khwaishgamingyt 

🔴 UPI = khwai"
2026-06-08,YouTube,lCp5qcrWgaw,Best Gaming Cooler Only 99₹ #samsunggalaxys24 #samsunggalaxys24ultra #gaming #cooler #bgmi #pubg,Sense ,https://www.youtube.com/watch?v=lCp5qcrWgaw,24477,971,21,2026-06-08T00:55:25Z,55,https://i.ytimg.com/vi/lCp5qcrWgaw/hqdefault.jpg,
2026-06-08,YouTube,i1D8zb0ZF0U,Peak 2018 Era💀 #bgmi #bgminostalgia #pubgmobile,ThunderTwins,https://www.youtube.com/watch?v=i1D8zb0ZF0U,22684,0,9,2026-06-08T04:30:27Z,9,https://i.ytimg.com/vi/i1D8zb0ZF0U/hqdefault.jpg,
2026-06-08,YouTube,laEzihxR0kA,CLUTCHGOD Reveals His Favourite Player 😍 & Worst Teammate #Clutchgod #BGMI #BGMIEsports #GodLike,TRDxPlazZz,https://www.youtube.com/watch?v=laEzihxR0kA,19663,561,0,2026-06-08T00:07:06Z,21,https://i.ytimg.com/vi/laEzihxR0kA/hqdefault.jpg,"CLUTCHGOD Reveals His Favourite Player 😍 & Worst Teammate Ever 😱 | Shocking Answer!

BGMI esports star Clutchgod ne finally reveal kar diya apna favourite player aur us player ka naam bhi bataya jiske"
2026-06-08,YouTube,GwBhcyJUsnM,X Suit Players In BGMI | #bgmi,HASAN PlaysYT,https://www.youtube.com/watch?v=GwBhcyJUsnM,12159,1999,54,2026-06-08T03:00:24Z,167,https://i.ytimg.com/vi/GwBhcyJUsnM/hqdefault.jpg,"Thanks For Watching🎮⚡ #bgmi #youtubeshorts #shortsfeed #viralvideoshorts #trending
         ‪‪


#bgmishortsviralkaisekare
#bgmishortsfunny
#bgmishortstdm
#bgmishortseditingvn



Tags 🍂

Ненужные теги"
2026-06-08,YouTube,WXCq0NIYLCQ,"TEAMCODES , Rank Push #jonathan #girlgamer #shortsviral #apex #viralfeed #shortsfeed #viral #bgmi",Aish Playz,https://www.youtube.com/watch?v=WXCq0NIYLCQ,10793,391,1,2026-06-08T00:03:22Z,15736,https://i.ytimg.com/vi/WXCq0NIYLCQ/hqdefault.jpg,Show LOVE and SUPPORT                                                                                                                                                                            Hey pea
2026-06-09,YouTube,aVwJBvC8ReE,"TEAMCODES , Rank Push #jonathan #girlgamer #shortsviral #apex #viralfeed #shortsfeed #viral #bgmi",Aish Playz,https://www.youtube.com/watch?v=aVwJBvC8ReE,35771,1207,0,2026-06-09T03:21:11Z,39372,https://i.ytimg.com/vi/aVwJBvC8ReE/hqdefault.jpg,Show LOVE and SUPPORT                                                                                                                                                                            Hey pea
2026-06-09,YouTube,SWTUuPSW3Po,BMPS Semifinals Stage Leaked #bmps2026 #bmps #bgmi,Gaming Moments BGMI,https://www.youtube.com/watch?v=SWTUuPSW3Po,21779,1441,16,2026-06-09T03:42:11Z,36,https://i.ytimg.com/vi/SWTUuPSW3Po/hqdefault.jpg,"BMPS 2025 Semi Finals LAN Stage LEAKED Again? 😂🔥

The tradition continues! 😭🔥

Just like previous major BGMI tournaments, the **Battlegrounds Mobile India Pro Series Semi Finals LAN stage has reported"
2026-06-09,YouTube,fH6XyaWrW4w,BGMI Live 🔥 OP Gameplay | Aaj Chicken Dinner Pakka 😎,SONU IS LIVE,https://www.youtube.com/watch?v=fH6XyaWrW4w,12667,173,0,2026-06-09T04:53:06Z,4658,https://i.ytimg.com/vi/fH6XyaWrW4w/hqdefault.jpg,"ROAD TO 200,000 / 200 K SUBSCRIBER ❤️ 

FULL BOOMBAAM BAAM RUSH GAMEPLAY 🔥 

If you liked the Video don’t forget to Like, Share and Subscribe.

Hey Guys, 
Welcome to my Youtube Channel,
I'm Sonu kushw"
2026-06-09,YouTube,vVeOmQD5A1U,Bgmi intense Last zone fight | #bgmi,HASAN PlaysYT,https://www.youtube.com/watch?v=vVeOmQD5A1U,11757,1677,25,2026-06-09T03:00:00Z,165,https://i.ytimg.com/vi/vVeOmQD5A1U/hqdefault.jpg,"Thanks For Watching🎮⚡ #bgmi #youtubeshorts #shortsfeed #viralvideoshorts #trending
         ‪‪


#bgmishortsviralkaisekare
#bgmishortsfunny
#bgmishortstdm
#bgmishortseditingvn



Tags 🍂

Ненужные теги"
2026-06-09,YouTube,YWH3EcDv4Q0,Best Gaming Cooler Only 99₹ #samsunggalaxys24 #samsunggalaxys24ultra #gaming #cooler #bgmi #pubg,Sense ,https://www.youtube.com/watch?v=YWH3EcDv4Q0,10081,184,3,2026-06-09T00:40:08Z,14,https://i.ytimg.com/vi/YWH3EcDv4Q0/hqdefault.jpg,
2026-06-10,YouTube,HRbTLyOtSB0,BGMI W MALKIN💞|ROAD TO 20K😉|FACECAM|#bgmi #malkinplays #shortstream,MALKIN PLAYS,https://www.youtube.com/watch?v=HRbTLyOtSB0,25165,570,0,2026-06-10T01:31:09Z,27578,https://i.ytimg.com/vi/HRbTLyOtSB0/hqdefault.jpg,"Hey I'm Bindu (Ign MalkinPlays), a passionate mobile girl gamer bringing you intense BGMI action, epic clutch moments, and live streams — all with facecam reactions so you can experience every win, ra"
2026-06-10,YouTube,d9w-RJrIdic,BGMI Live 🔥 OP Gameplay | Aaj Chicken Dinner Pakka 😎,SONU IS LIVE,https://www.youtube.com/watch?v=d9w-RJrIdic,16185,223,0,2026-06-10T05:22:32Z,4976,https://i.ytimg.com/vi/d9w-RJrIdic/hqdefault.jpg,"ROAD TO 200,000 / 200 K SUBSCRIBER ❤️ 

FULL BOOMBAAM BAAM RUSH GAMEPLAY 🔥 

If you liked the Video don’t forget to Like, Share and Subscribe.

Hey Guys, 
Welcome to my Youtube Channel,
I'm Sonu kushw"
2026-06-10,YouTube,LuW2UWGDjvE,BIG UPDATE 😍 Bgmi 4.5 Update | A20 Royal Pass ? | Next Prize Path in Bgmi | New Theme Mode ,Gk Afroz,https://www.youtube.com/watch?v=LuW2UWGDjvE,15264,2210,201,2026-06-10T02:45:32Z,482,https://i.ytimg.com/vi/LuW2UWGDjvE/hqdefault.jpg,"BIG UPDATE 😍 Bgmi 4.5 Update | A20 Royal Pass ? | Next Prize Path in Bgmi | New Theme Mode

Instagram :- https://instagram.com/gk_afroz/




About Video :-

Ye Video Me Main Aapko dikhane Wala Hun bgm"
2026-06-10,YouTube,yudgHUbDvaw,KD Maintain In BGMI | #bgmi,HASAN PlaysYT,https://www.youtube.com/watch?v=yudgHUbDvaw,11138,1714,45,2026-06-10T03:00:37Z,166,https://i.ytimg.com/vi/yudgHUbDvaw/hqdefault.jpg,"Thanks For Watching🎮⚡ #bgmi #youtubeshorts #shortsfeed #viralvideoshorts #trending
         ‪‪


#bgmishortsviralkaisekare
#bgmishortsfunny
#bgmishortstdm
#bgmishortseditingvn



Tags 🍂

Ненужные теги"
2026-06-11,YouTube,4z_dIHhMBnk,BGMI W MALKIN💞|ROAD TO 20K😉|FACECAM|#bgmi #malkinplays #shortstream,MALKIN PLAYS,https://www.youtube.com/watch?v=4z_dIHhMBnk,31453,627,1,2026-06-11T00:29:07Z,26572,https://i.ytimg.com/vi/4z_dIHhMBnk/hqdefault.jpg,"Hey I'm Bindu (Ign MalkinPlays), a passionate mobile girl gamer bringing you intense BGMI action, epic clutch moments, and live streams — all with facecam reactions so you can experience every win, ra"
2026-06-11,YouTube,P63FV-o44-M,CUSTOM ROOM | 1v1 TDM | CLASSIC GAMEPLAY | BGMI LIVE WITH KHWAISH#pubgmobile #pubg #bgmi #pubgm,Khwaish Gaming YT,https://www.youtube.com/watch?v=P63FV-o44-M,23730,695,0,2026-06-11T00:54:03Z,26602,https://i.ytimg.com/vi/P63FV-o44-M/hqdefault.jpg,"Hey Cuties🥰 !! Khwaish This Side Recently I Started Streaming BGMI , Have A Look And Enjoy The Stream 🤍☀ 

💥 𝘽𝙂𝙈𝙄 𝙄𝘿  - 5375486753 💥

🔴 STREAM TIMING = 8 pm 

🔴 INTSA = khwaishgamingyt 

🔴 UPI = khwai"
2026-06-11,YouTube,E68Gh3zUNSs,अकबर का न्याय 💯 #jodhaakbar #chhatrapatishivajimaharaj #shorts #viral #yogi #history #bgmi #modi,Riya Kaushik,https://www.youtube.com/watch?v=E68Gh3zUNSs,17524,0,14,2026-06-11T02:21:46Z,52,https://i.ytimg.com/vi/E68Gh3zUNSs/hqdefault.jpg,"अकबर का न्याय 💯 
#jodhaakbar #chhatrapatishivajimaharaj #shorts #viral #yogi #history #bgmi #modi"
2026-06-11,YouTube,jKAYsKo3wDE,FINALLY 😍 AKM Glacier in Classic Crate Bgmi | Next Classic Crate Bgmi | Bgmi New Update | 4.5 Update,Gk Afroz,https://www.youtube.com/watch?v=jKAYsKo3wDE,16917,2714,884,2026-06-11T02:45:33Z,506,https://i.ytimg.com/vi/jKAYsKo3wDE/hqdefault.jpg,"FINALLY 😍 AKM Glacier in Classic Crate Bgmi | Next Classic Crate Bgmi | Bgmi New Update | 4.5 Update

4.5 UPDATE AA JAAO  - https://t.me/GkAfroz


Instagram :- https://instagram.com/gk_afroz/




Abou"
2026-06-11,YouTube,tBmDBANZv6o,fast landing & clutch 🔥 #bgmi #clutch #gaming ,SPY Prince Gaming,https://www.youtube.com/watch?v=tBmDBANZv6o,13806,633,7,2026-06-11T02:00:40Z,42,https://i.ytimg.com/vi/tBmDBANZv6o/hqdefault.jpg,"Thanks for Watching❤️🙏🏻
#bgmi #pubg #pubgmobile #pubgfunnymoments #pubgfunny 
#youtubeshorts #shortsfeed 
#viralvideoshorts #trending
#bgmishortsviralkaisekare
#bgmishortsfunny
#bgmishortstdm
#bgmisho"
2026-06-11,YouTube,UbfwLYC9q1E,🔥💀 #bgmi #pubgmobile #shorts #short #shortsfeed,AnuShubha Live,https://www.youtube.com/watch?v=UbfwLYC9q1E,12139,1049,10,2026-06-11T02:30:03Z,53,https://i.ytimg.com/vi/UbfwLYC9q1E/hqdefault.jpg,
2026-06-11,YouTube,nNWJDnScPGU,Fastest Duo #shorts #bgmi #pubg,ROHAN VERSE ,https://www.youtube.com/watch?v=nNWJDnScPGU,11286,568,0,2026-06-11T01:30:37Z,16,https://i.ytimg.com/vi/nNWJDnScPGU/hqdefault.jpg,Fastest Duo #shorts #bgmi #pubg
2026-06-11,YouTube,80SLqWQ6k2I,Dinosaur Ne Ye Kya Kiya🤣 Bgmi Funny Shorts #bgmi #bgmishorts #ajax #funny #shorts,Ajax Gaming,https://www.youtube.com/watch?v=80SLqWQ6k2I,10239,1159,24,2026-06-11T05:35:55Z,56,https://i.ytimg.com/vi/80SLqWQ6k2I/hqdefault.jpg,
2026-06-12,YouTube,uQ0KylHeC7Q,CUSTOM ROOM | 1v1 TDM | CLASSIC GAMEPLAY | BGMI LIVE WITH KHWAISH#pubgmobile #pubg #bgmi #pubgm,Khwaish Gaming YT,https://www.youtube.com/watch?v=uQ0KylHeC7Q,27081,670,0,2026-06-12T00:04:50Z,23422,https://i.ytimg.com/vi/uQ0KylHeC7Q/hqdefault.jpg,"Hey Cuties🥰 !! Khwaish This Side Recently I Started Streaming BGMI , Have A Look And Enjoy The Stream 🤍☀ 

💥 𝘽𝙂𝙈𝙄 𝙄𝘿  - 5375486753 💥

🔴 STREAM TIMING = 8 pm 

🔴 INTSA = khwaishgamingyt 

🔴 UPI = khwai"
2026-06-12,YouTube,UHVH5W6dhHk,BIG CHANGE 😍 Bgmi New Bonus Pass | A19 Bonus Pass | Bonus Pass in Bgmi | Next Bonus Pass in Bgmi,Gk Afroz,https://www.youtube.com/watch?v=UHVH5W6dhHk,11080,1277,135,2026-06-12T02:45:55Z,343,https://i.ytimg.com/vi/UHVH5W6dhHk/hqdefault.jpg,"BIG CHANGE 😍 Bgmi New Bonus Pass | A19 Bonus Pass | Bonus Pass in Bgmi | Next Bonus Pass in Bgmi

AA JAAO TELEGRAM Me : https://t.me/GkAfroz


Instagram :- https://instagram.com/gk_afroz/




About Vi"
2026-06-13,YouTube,9BTEu_Wcthw,CUSTOM ROOM | 1v1 TDM | CLASSIC GAMEPLAY | BGMI LIVE WITH KHWAISH#pubgmobile #pubg #bgmi #pubgm,Khwaish Gaming YT,https://www.youtube.com/watch?v=9BTEu_Wcthw,34970,711,1,2026-06-13T00:52:21Z,25771,https://i.ytimg.com/vi/9BTEu_Wcthw/hqdefault.jpg,"Hey Cuties🥰 !! Khwaish This Side Recently I Started Streaming BGMI , Have A Look And Enjoy The Stream 🤍☀ 

💥 𝘽𝙂𝙈𝙄 𝙄𝘿  - 5375486753 💥

🔴 STREAM TIMING = 8 pm 

🔴 INTSA = khwaishgamingyt 

🔴 UPI = khwai"
2026-06-13,YouTube,s9Bhd7BNbrM,Playing New 4.4 Update With Teamcodes 🔥  #bgmi #pubgm #shortsfeed #messgaming,Mess,https://www.youtube.com/watch?v=s9Bhd7BNbrM,14991,606,1,2026-06-13T04:23:07Z,34475,https://i.ytimg.com/vi/s9Bhd7BNbrM/hqdefault.jpg,"Welcome to my stream!
Thanks for watching!
LIKE • SHARE • SUBSCRIBE

★★ SOCIAL MEDIA ★★

➥ Insta  : https://www.instagram.com/ig_messs
➥ Discord :  https://discord.com/invite/ZBaGjgwtrE
➥ Join : https"
2026-06-13,YouTube,RK1QoszJpOc,Best Gaming Cooler Only 99₹ #samsunggalaxys24 #samsunggalaxys24ultra #gaming #cooler #bgmi #pubg,Sense ,https://www.youtube.com/watch?v=RK1QoszJpOc,11629,343,7,2026-06-13T01:01:33Z,20,https://i.ytimg.com/vi/RK1QoszJpOc/hqdefault.jpg,
2026-06-14,YouTube,a6aK71W5lVc,BGMI LIVE AKM GOD | BGMI Live @LoLzZzGaming,WolfIsLive,https://www.youtube.com/watch?v=a6aK71W5lVc,32243,788,0,2026-06-14T00:09:29Z,19307,https://i.ytimg.com/vi/a6aK71W5lVc/hqdefault.jpg,"#bgmi  #wolfislive #pubglive #bgmilives 
If you liked the stream don’t forget to Like, Share and Subscribe.

Hey Guys, 
Welcome to my Youtube Channel,
I'm Rajneesh Singh a.k.a WolfIsLiveYT .

Don't fo"
2026-06-14,YouTube,HlB0zlrSoD8,CUSTOM ROOM | 1v1 TDM | CLASSIC GAMEPLAY | BGMI LIVE WITH KHWAISH#pubgmobile #pubg #bgmi #pubgm,Khwaish Gaming YT,https://www.youtube.com/watch?v=HlB0zlrSoD8,29025,672,0,2026-06-14T01:07:46Z,26511,https://i.ytimg.com/vi/HlB0zlrSoD8/hqdefault.jpg,"Hey Cuties🥰 !! Khwaish This Side Recently I Started Streaming BGMI , Have A Look And Enjoy The Stream 🤍☀ 

💥 𝘽𝙂𝙈𝙄 𝙄𝘿  - 5375486753 💥

🔴 STREAM TIMING = 8 pm 

🔴 INTSA = khwaishgamingyt 

🔴 UPI = khwai"
2026-06-14,YouTube,hqgHjPnzRMs,TOP 1 CONQUEROR RANK PUSH IN BGMI 🔥 #lolzzzgaming,Harshit Yt Live,https://www.youtube.com/watch?v=hqgHjPnzRMs,16944,133,0,2026-06-14T00:52:58Z,17734,https://i.ytimg.com/vi/hqgHjPnzRMs/hqdefault.jpg,"TOP 1 CONQUEROR RANK PUSH IN BGMI 🔥 #lolzzzgaming 

New Device :- iPad Pro M4 256 GB
Old Device :- ipad 8th gen 60 fps 6 years old iPad 🥲
Laptop Asus Tuf F15 :-  i5 12500h 16gb ram Rtx 3050 4gb grafhi"
2026-06-14,YouTube,yyWEQfsQfEA,(vertical) PUBG mobile hand cam  in 15 pro max live  #pubgmobile#bgmi#handcam,NePub,https://www.youtube.com/watch?v=yyWEQfsQfEA,11279,52,0,2026-06-14T01:34:02Z,6823,https://i.ytimg.com/vi/yyWEQfsQfEA/hqdefault.jpg,Welcome to my live..
2026-06-14,YouTube,M-ow5oBX7CY,BIG NEWS 😍 Bgmi 4.5 Update | Next Prize Path in Bgmi | Shinobi M416 Back | Bgmi New Update Features,Gk Afroz,https://www.youtube.com/watch?v=M-ow5oBX7CY,10977,1738,206,2026-06-14T03:26:45Z,475,https://i.ytimg.com/vi/M-ow5oBX7CY/hqdefault.jpg,"BIG NEWS 😍 Bgmi 4.5 Update | Next Prize Path in Bgmi | Shinobi M416 Back | Bgmi New Update Features

Link-1 https://1024terabox.com/s/1LLkj-jyzKVVddvOP49Ee0Q

Link-2 https://terasharelink.com/s/1Xho4N"
2026-06-14,YouTube,xwzjx7PVJ98,FINALLY NEW UPDATE HERE ! 🔥 BGMI LIVE #bgmi #pubg #viral,MR MAFIA YT,https://www.youtube.com/watch?v=xwzjx7PVJ98,10317,344,0,2026-06-14T05:58:53Z,11268,https://i.ytimg.com/vi/xwzjx7PVJ98/hqdefault.jpg,"FINALLY NEW UPDATE HERE ! 🔥 BGMI LIVE

➽ Hey Guys,
Welcome to my Youtube Channel,
Please Subscribe
https://www.youtube.com/@MRMAFIAYT8742
➽ Membership link - https://www.youtube.com/@MRMAFIAYT8742
UPI"
2026-06-15,YouTube,xhlyxzkq140,CHICKEN STREAK IN TOP 3 LOBBY? | CONQUEROR OR WHAT | BGMI LIVE,LoLzZz Gaming,https://www.youtube.com/watch?v=xhlyxzkq140,345193,19808,11,2026-06-15T00:11:37Z,29345,https://i.ytimg.com/vi/xhlyxzkq140/hqdefault.jpg,"Welcome to LOLZZZ GAMING! 
We’re live right now — join the stream, chat, and enjoy the gameplay!

🎮 Playing: BGMI
💬 Say hi in the chat and play along!

📱 Follow Me On Instagram:
👉 https://www.instagra"
2026-06-15,YouTube,zF9EcL2ZkIw,BGMI W MALKIN💞|ROAD TO 20K😉|FACECAM|#bgmi #malkinplays #shortstream,MALKIN PLAYS,https://www.youtube.com/watch?v=zF9EcL2ZkIw,60841,712,0,2026-06-15T02:35:46Z,33675,https://i.ytimg.com/vi/zF9EcL2ZkIw/hqdefault.jpg,"Hey I'm Bindu (Ign MalkinPlays), a passionate mobile girl gamer bringing you intense BGMI action, epic clutch moments, and live streams — all with facecam reactions so you can experience every win, ra"
2026-06-15,YouTube,9jx8_kgMPVg,CUSTOM ROOM | 1v1 TDM | CLASSIC GAMEPLAY | BGMI LIVE WITH KHWAISH#pubgmobile #pubg #bgmi #pubgm,Khwaish Gaming YT,https://www.youtube.com/watch?v=9jx8_kgMPVg,29244,648,0,2026-06-15T00:44:40Z,26405,https://i.ytimg.com/vi/9jx8_kgMPVg/hqdefault.jpg,"Hey Cuties🥰 !! Khwaish This Side Recently I Started Streaming BGMI , Have A Look And Enjoy The Stream 🤍☀ 

💥 𝘽𝙂𝙈𝙄 𝙄𝘿  - 5375486753 💥

🔴 STREAM TIMING = 8 pm 

🔴 INTSA = khwaishgamingyt 

🔴 UPI = khwai"
2026-06-15,YouTube,CBfkVga7cvQ,STREAM SNIPERS VS ME | BGMI WITH ARTHUR  #pubglive #shortsfeed #shortslive,Arthur,https://www.youtube.com/watch?v=CBfkVga7cvQ,10916,194,9,2026-06-15T01:44:40Z,7038,https://i.ytimg.com/vi/CBfkVga7cvQ/hqdefault.jpg,"Make Sure to Leave a Like & Comment !

Contact me at:
Instagram : @hiteshkohli
Email :worktoarthur@gmail.com
BGMI ID - 529737201
Device - iPad Pro M4
______________________________

BGMI gameplay tips"
2026-06-15,YouTube,zWfMPBWOs40,NEW BGMI 4.4 UPDATE ❤️HYDRA JALEBEE #shortsfeed #shortslive #shorts #live #bgmilive,JaLeBeeYT,https://www.youtube.com/watch?v=zWfMPBWOs40,10575,448,0,2026-06-15T00:59:44Z,25974,https://i.ytimg.com/vi/zWfMPBWOs40/hqdefault.jpg,"#shortsfeed #shortslive #shorts #live #bgmi #shorts #live #bgmi
✨MY BIO✨ 

🥨Name - Sanjana Badne
🍳IGN -     HYDRAxJALEBEE
🍟DEVICE - IPHONE  17 pro max

 
💕MY UPI💕

 UPIID - 7735005005


✨MY SOCIALS✨

"
2026-06-16,YouTube,b4MsiRGziW8,Finally 10k completed !❤️ Wow Mode Gameplay | BGMI GAMEPLAY,VIJETA GAMING,https://www.youtube.com/watch?v=b4MsiRGziW8,46800,275,2,2026-06-16T03:17:45Z,6199,https://i.ytimg.com/vi/b4MsiRGziW8/hqdefault_live.jpg,"Finally 10k completed !❤️ Wow Mode Gameplay | BGMI GAMEPLAY

#bgmi #pubgmobile #gaming #wowmode"
2026-06-16,YouTube,35Estjwm8_c,"Don't miss the end,,,,,#shorts #views #bgmi #trending #youtube @SrishtiSingh06",Srishti Singh 06,https://www.youtube.com/watch?v=35Estjwm8_c,21097,72,1,2026-06-16T02:37:41Z,9,https://i.ytimg.com/vi/35Estjwm8_c/hqdefault.jpg,
2026-06-16,YouTube,YQ9axfy9Nm8,NEW BGMI 4.4 UPDATE ❤️HYDRA JALEBEE #shortsfeed #shortslive #shorts #live #bgmilive,JaLeBeeYT,https://www.youtube.com/watch?v=YQ9axfy9Nm8,15137,604,0,2026-06-16T01:28:53Z,27724,https://i.ytimg.com/vi/YQ9axfy9Nm8/hqdefault.jpg,"#shortsfeed #shortslive #shorts #live #bgmi #shorts #live #bgmi
✨MY BIO✨ 

🥨Name - Sanjana Badne
🍳IGN -     HYDRAxJALEBEE
🍟DEVICE - IPHONE  17 pro max

 
💕MY UPI💕

 UPIID - 7735005005


✨MY SOCIALS✨

"
2026-06-16,YouTube,F0GMA-Lppyo,😱#bachuuu Main samajh gaya bacchon ne kya Diya #shorts #bgmi #viral #godlike 😮,Ritesh Op,https://www.youtube.com/watch?v=F0GMA-Lppyo,14770,231,3,2026-06-16T01:33:44Z,16,https://i.ytimg.com/vi/F0GMA-Lppyo/hqdefault.jpg,
2026-06-16,YouTube,pUlso1oDgek,Pubg Naruto 4.5 update #shorts #bgmi #pubg,ROHAN VERSE ,https://www.youtube.com/watch?v=pUlso1oDgek,11068,538,8,2026-06-16T01:30:39Z,21,https://i.ytimg.com/vi/pUlso1oDgek/hqdefault.jpg,Pubg Naruto 4.5 update #shorts #bgmi #pubg
2026-06-17,YouTube,7BfSF6nhFrM,BGMI New Update 4.4 is Here 💀 | BGMI Live #shorts #bgmilive  #handcam #bgmi #shortfeed,Hero Playz,https://www.youtube.com/watch?v=7BfSF6nhFrM,25506,103,0,2026-06-17T00:41:30Z,5428,https://i.ytimg.com/vi/7BfSF6nhFrM/hqdefault.jpg,"Join this channel to get access to perks:
https://www.youtube.com/channel/UCwd6K2e83_003QIxdvOifjg/join
..
#shortfeed #bgmilive #ytshorts #shortstream #pubg #pubglive"
2026-06-17,YouTube,e27C2oXZM0A,LIVE VERTICAL - Bloodfeather Spartan  Ultimate Crate | BGMI | PUBG MOBILE |,Beast is Live,https://www.youtube.com/watch?v=e27C2oXZM0A,16516,124,0,2026-06-17T01:33:32Z,8682,https://i.ytimg.com/vi/e27C2oXZM0A/hqdefault.jpg,"#shortsfeed #shortslive #pubg
PUBG ID - 5564860546
5 Finger Gameplay 

PC setup link - https://youtube.com/shorts/ilrBN5pk5D4

PC specs: 
Processor: 11th Gen Intel(R) Core(TM) i9-11900KF @ 3.50GHz 
RA"
2026-06-17,YouTube,msSOghoz0Q4,Free Hairstyle in BGMi | #bgmi,HASAN PlaysYT,https://www.youtube.com/watch?v=msSOghoz0Q4,14722,2134,40,2026-06-17T03:00:05Z,163,https://i.ytimg.com/vi/msSOghoz0Q4/hqdefault.jpg,"Thanks For Watching🎮⚡ #bgmi #youtubeshorts #shortsfeed #viralvideoshorts #trending
         ‪‪


#bgmishortsviralkaisekare
#bgmishortsfunny
#bgmishortstdm
#bgmishortseditingvn



Tags 🍂

Ненужные теги"
2026-06-17,YouTube,YYx-ovVmuXs,"OMG 😳,,,,,#shorts #views #bgmi #trending #youtube @SrishtiSingh06",Srishti Singh 06,https://www.youtube.com/watch?v=YYx-ovVmuXs,14513,55,0,2026-06-17T02:39:55Z,9,https://i.ytimg.com/vi/YYx-ovVmuXs/hqdefault.jpg,
2026-06-17,YouTube,ri9WbQBT8xg,FINALLY NEW UPDATE HERE ! 🔥 BGMI LIVE #bgmi #pubg #viral,MR MAFIA YT,https://www.youtube.com/watch?v=ri9WbQBT8xg,11610,381,0,2026-06-17T06:21:34Z,12930,https://i.ytimg.com/vi/ri9WbQBT8xg/hqdefault.jpg,"FINALLY NEW UPDATE HERE ! 🔥 BGMI LIVE #bgmi #pubg #viral 

➽ Hey Guys,
Welcome to my Youtube Channel,
Please Subscribe
https://www.youtube.com/@MRMAFIAYT8742
➽ Membership link - https://www.youtube.co"
2026-06-18,YouTube,2wetcCbePl8,BGMI W MALKIN💞|ROAD TO 20K😉|FACECAM|#bgmi #malkinplays #shortstream,MALKIN PLAYS,https://www.youtube.com/watch?v=2wetcCbePl8,39976,683,2,2026-06-18T01:18:18Z,29655,https://i.ytimg.com/vi/2wetcCbePl8/hqdefault.jpg,"Hey I'm Bindu (Ign MalkinPlays), a passionate mobile girl gamer bringing you intense BGMI action, epic clutch moments, and live streams — all with facecam reactions so you can experience every win, ra"
2026-06-18,YouTube,r0zzKAC9u1Q,BGMI ANNIVERSARY EVENT 😍 Akm Glacier | Free Character Voucher Bgmi | Mummy Crate Bgmi,Gk Afroz,https://www.youtube.com/watch?v=r0zzKAC9u1Q,19080,2866,262,2026-06-18T02:32:49Z,564,https://i.ytimg.com/vi/r0zzKAC9u1Q/hqdefault.jpg,"BGMI ANNIVERSARY EVENT 😍 Akm Glacier | Free Character Voucher Bgmi | Mummy Crate Bgmi

AA JAAO TELEGRAM Me - https://t.me/GkAfroz


Instagram :- https://instagram.com/gk_afroz/




About Video :-

Ye "
2026-06-18,YouTube,b1CFF5A1zPk,22 ke baad bhai ka Prime ayega #bgmi #pubgmobile,ThunderTwins,https://www.youtube.com/watch?v=b1CFF5A1zPk,19018,0,16,2026-06-18T04:30:31Z,33,https://i.ytimg.com/vi/b1CFF5A1zPk/hqdefault.jpg,
2026-06-18,YouTube,5UWxI4S2dFs,Only old players know this #shorts #bgmi #pubg,ROHAN VERSE ,https://www.youtube.com/watch?v=5UWxI4S2dFs,14633,539,8,2026-06-18T01:30:23Z,15,https://i.ytimg.com/vi/5UWxI4S2dFs/hqdefault.jpg,Only old players know this #shorts #bgmi #pubg
2026-06-18,YouTube,IylEAzpP2b4,Hacker in BGMI | #bgmi,HASAN PlaysYT,https://www.youtube.com/watch?v=IylEAzpP2b4,12547,2010,68,2026-06-18T03:00:02Z,165,https://i.ytimg.com/vi/IylEAzpP2b4/hqdefault.jpg,"Thanks For Watching🎮⚡ #bgmi #youtubeshorts #shortsfeed #viralvideoshorts #trending
         ‪‪


#bgmishortsviralkaisekare
#bgmishortsfunny
#bgmishortstdm
#bgmishortseditingvn



Tags 🍂

Ненужные теги"
2026-06-18,YouTube,EUxZZzYg7y8,Mere खेत Ka आलू 🤣Bgmi Funny Shorts #bgmi #bgmishorts #ajax #funny #shorts,Ajax Gaming,https://www.youtube.com/watch?v=EUxZZzYg7y8,10296,1385,29,2026-06-18T05:35:41Z,54,https://i.ytimg.com/vi/EUxZZzYg7y8/hqdefault.jpg,
2026-06-19,YouTube,3PRIVF_JbrY,hill climb race world record  @M_YADAV_is_LIVE  @ANSARIISLIVE6  #bgmi  #1V3M24,ANSARIISLIVE6,https://www.youtube.com/watch?v=3PRIVF_JbrY,471579,1737,1,2026-06-19T05:11:53Z,3399,https://i.ytimg.com/vi/3PRIVF_JbrY/hqdefault.jpg,"1V3 WIN ROYAL PASS @M YADAV IS LIVE @ANSARI IS LIVE
#bgmi #pubgmobile #shorts #shortvideo #1v4 #1vs4 #battlegroundmobileindia #bgmiindia #livestream #shortlive @ANSARIISLIVE #bgmishorts"
2026-06-19,YouTube,rGoR8plY9PI,PRO GRAND FINALS LIVE NOW | #jonathangaming @Team.ApexGaming  #godlike #s8ul #rntx,PRO GRIND SCRIMS ,https://www.youtube.com/watch?v=rGoR8plY9PI,41740,666,0,2026-06-19T01:04:38Z,13026,https://i.ytimg.com/vi/rGoR8plY9PI/hqdefault.jpg,"#grindscrim #bmps #godlike 


 This channel is about gaming  It’s a platform where bgmi player can improve themselves and their gameplay  by playing our #bgmicustoms  | Bgmi scrims, bgmitournament l B"
2026-06-19,YouTube,JIjCT-tqMaw,CUSTOM ROOM | 1v1 TDM | CLASSIC GAMEPLAY | BGMI LIVE WITH KHWAISH#pubgmobile #pubg #bgmi #pubgm,Khwaish Gaming YT,https://www.youtube.com/watch?v=JIjCT-tqMaw,28644,659,0,2026-06-19T00:34:58Z,26322,https://i.ytimg.com/vi/JIjCT-tqMaw/hqdefault.jpg,"Hey Cuties🥰 !! Khwaish This Side Recently I Started Streaming BGMI , Have A Look And Enjoy The Stream 🤍☀ 

💥 𝘽𝙂𝙈𝙄 𝙄𝘿  - 5375486753 💥

🔴 STREAM TIMING = 8 pm 

🔴 INTSA = khwaishgamingyt 

🔴 UPI = khwai"
2026-06-19,YouTube,FpTc80r_L5s,"🤬 Zero Fear, Full Aggression | BGMI LIVE #ShortxZ #bgmi #shorts",ShortxZ,https://www.youtube.com/watch?v=FpTc80r_L5s,17102,101,1,2026-06-19T03:51:07Z,10806,https://i.ytimg.com/vi/FpTc80r_L5s/hqdefault.jpg,"🤬 Zero Fear, Full Aggression | BGMI LIVE
Insane 1v4 squad wipe – spray aur reflex dono OP!  
Rozana naye clutches aur highlights yahin milenge 👑  


📌 Gameplay: Solo vs Squad (iPad M4)  
📌 Style: Fast"
2026-06-19,YouTube,bVI4bgGhNEE,Hacker in BGMI | #bgmi,HASAN PlaysYT,https://www.youtube.com/watch?v=bVI4bgGhNEE,12480,2183,35,2026-06-19T03:00:02Z,163,https://i.ytimg.com/vi/bVI4bgGhNEE/hqdefault.jpg,"Thanks For Watching🎮⚡ #bgmi #youtubeshorts #shortsfeed #viralvideoshorts #trending
         ‪‪


#bgmishortsviralkaisekare
#bgmishortsfunny
#bgmishortstdm
#bgmishortseditingvn



Tags 🍂

Ненужные теги"
2026-06-19,YouTube,m11GUd6GOJg,LIVE VERTICAL - Bloodfeather Spartan  Ultimate Crate | BGMI | PUBG MOBILE |,Beast is Live,https://www.youtube.com/watch?v=m11GUd6GOJg,10684,96,0,2026-06-19T00:33:41Z,9407,https://i.ytimg.com/vi/m11GUd6GOJg/hqdefault.jpg,"#shortsfeed #shortslive #pubg
PUBG ID - 5564860546
5 Finger Gameplay 

PC setup link - https://youtube.com/shorts/ilrBN5pk5D4

PC specs: 
Processor: 11th Gen Intel(R) Core(TM) i9-11900KF @ 3.50GHz 
RA"
2026-06-20,YouTube,u77doW0YOHY,CUSTOM ROOM | 1v1 TDM | CLASSIC GAMEPLAY | BGMI LIVE WITH KHWAISH#pubgmobile #pubg #bgmi #pubgm,Khwaish Gaming YT,https://www.youtube.com/watch?v=u77doW0YOHY,48615,956,4,2026-06-20T02:17:36Z,27759,https://i.ytimg.com/vi/u77doW0YOHY/hqdefault.jpg,"Hey Cuties🥰 !! Khwaish This Side Recently I Started Streaming BGMI , Have A Look And Enjoy The Stream 🤍☀ 

💥 𝘽𝙂𝙈𝙄 𝙄𝘿  - 5375486753 💥

🔴 STREAM TIMING = 8 pm 

🔴 INTSA = khwaishgamingyt 

🔴 UPI = khwai"
2026-06-20,YouTube,aY3SqNM5w7c,LIVE VERTICAL - Bloodfeather Spartan  Ultimate Crate | BGMI | PUBG MOBILE |,Beast is Live,https://www.youtube.com/watch?v=aY3SqNM5w7c,13795,107,0,2026-06-20T01:03:53Z,11561,https://i.ytimg.com/vi/aY3SqNM5w7c/hqdefault.jpg,"#shortsfeed #shortslive #pubg
PUBG ID - 5564860546
5 Finger Gameplay 

PC setup link - https://youtube.com/shorts/ilrBN5pk5D4

PC specs: 
Processor: 11th Gen Intel(R) Core(TM) i9-11900KF @ 3.50GHz 
RA"
2026-06-21,YouTube,YMovE72SYH0,BGMI W MALKIN💞|ROAD TO 20K😉|FACECAM|#bgmi #malkinplays #shortstream,MALKIN PLAYS,https://www.youtube.com/watch?v=YMovE72SYH0,47904,675,1,2026-06-21T01:30:21Z,27354,https://i.ytimg.com/vi/YMovE72SYH0/hqdefault.jpg,"Hey I'm Bindu (Ign MalkinPlays), a passionate mobile girl gamer bringing you intense BGMI action, epic clutch moments, and live streams — all with facecam reactions so you can experience every win, ra"
2026-06-21,YouTube,2Td_VgoqERA,New Spiderman Update In Bgmi 🔥 Bgmi Funny Shorts #bgmi #bgmishorts #ajax #funny #shorts,Ajax Gaming,https://www.youtube.com/watch?v=2Td_VgoqERA,14966,1915,34,2026-06-21T05:31:09Z,56,https://i.ytimg.com/vi/2Td_VgoqERA/hqdefault.jpg,
2026-06-21,YouTube,z0MKbg_rgpw,🔥BGMI 4.5 UPDATE TOP 10 NEW FEATURES AND RELEASE DATE l NARUTO THEME MODE GUIDE,Classified YT,https://www.youtube.com/watch?v=z0MKbg_rgpw,11429,1355,895,2026-06-21T02:30:39Z,638,https://i.ytimg.com/vi/z0MKbg_rgpw/hqdefault.jpg,"🔥BGMI 4.5 UPDATE TOP 10 NEW FEATURES AND RELEASE DATE l NARUTO THEME MODE GUIDE

#Indiakabattlegrounds #battlegroundsmobileIndia
My BGMI ID: 5226425375 Pls send free popularity if possible :)
❎Do Not "
2026-06-22,YouTube,G-SobGFTyJ8,BGMI W MALKIN💞|ROAD TO 20K😉|FACECAM|#bgmi #malkinplays #shortstream,MALKIN PLAYS,https://www.youtube.com/watch?v=G-SobGFTyJ8,60498,829,1,2026-06-22T00:32:29Z,28185,https://i.ytimg.com/vi/G-SobGFTyJ8/hqdefault.jpg,"Hey I'm Bindu (Ign MalkinPlays), a passionate mobile girl gamer bringing you intense BGMI action, epic clutch moments, and live streams — all with facecam reactions so you can experience every win, ra"
2026-06-22,YouTube,0jVx6C2x2nA,💀 Whole Server Against Me | BGMI LIVE #ShortxZ #bgmi #shorts,ShortxZ,https://www.youtube.com/watch?v=0jVx6C2x2nA,21597,98,0,2026-06-22T04:57:46Z,14262,https://i.ytimg.com/vi/0jVx6C2x2nA/hqdefault.jpg,"💀 Whole Server Against Me | BGMI LIVE
Insane 1v4 squad wipe – spray aur reflex dono OP!  
Rozana naye clutches aur highlights yahin milenge 👑  


📌 Gameplay: Solo vs Squad (iPad M4)  
📌 Style: Fast Cl"
2026-06-22,YouTube,6mwcGopJhOQ,Only pistol match hua fail #bgmi #shorts #comedy,Dubchachu Gaming,https://www.youtube.com/watch?v=6mwcGopJhOQ,10610,1423,30,2026-06-22T04:45:19Z,90,https://i.ytimg.com/vi/6mwcGopJhOQ/hqdefault.jpg,
2026-06-23,YouTube,nZQ_bAzw7zs,DOMINATOR TO CONQUEROR PUSH LIVE🔥#shortsfeed #shorts #bgmi #bgmilive #shortlive #shortsfeed,SHADY YT,https://www.youtube.com/watch?v=nZQ_bAzw7zs,16682,482,0,2026-06-23T00:58:08Z,13030,https://i.ytimg.com/vi/nZQ_bAzw7zs/hqdefault.jpg,"Welcome🤗

👇Join Me On Instagram👇
https://www.instagram.com/mr_s_h_a_d_y/?igshid=41kjltjw1ai

👇Fitness Vlog 👀
https://youtu.be/z8b1aGPAxjE

#shorts #shortlive #bgmi #trending #trendingshorts #viralshor"
2026-06-23,YouTube,c8f_iy0DJak,LIVE VERTICAL - Total Rush | BGMI | PUBG MOBILE |,Beast is Live,https://www.youtube.com/watch?v=c8f_iy0DJak,14496,134,0,2026-06-23T01:03:13Z,13613,https://i.ytimg.com/vi/c8f_iy0DJak/hqdefault.jpg,"#shortsfeed #shortslive #pubg
PUBG ID - 5564860546
5 Finger Gameplay 

PC setup link - https://youtube.com/shorts/ilrBN5pk5D4

PC specs: 
Processor: 11th Gen Intel(R) Core(TM) i9-11900KF @ 3.50GHz 
RA"
2026-06-23,YouTube,xoVJe51J_p8,NEW CONCEPT 😍 Akm Glacier Guaranteed | Free Classic Crate Coupon Bgmi | Next Classic Crate Bgmi,Gk Afroz,https://www.youtube.com/watch?v=xoVJe51J_p8,14287,1964,369,2026-06-23T02:45:24Z,386,https://i.ytimg.com/vi/xoVJe51J_p8/hqdefault.jpg,"NEW CONCEPT 😍 Akm Glacier Guaranteed | Free Classic Crate Coupon Bgmi | Next Classic Crate Bgmi

4.5 UPDATE AA JAAO  - https://t.me/GkAfroz


Instagram :- https://instagram.com/gk_afroz/




About Vid"
2026-06-23,YouTube,nguGjBuQFyQ,It's all about The Bond!  #bgmi #pubgmobile,ThunderTwins,https://www.youtube.com/watch?v=nguGjBuQFyQ,13436,0,16,2026-06-23T04:30:19Z,91,https://i.ytimg.com/vi/nguGjBuQFyQ/hqdefault.jpg,
2026-06-23,YouTube,x7X_6TDsuI0,GODLIKE MANYA EXPOSED? 😱 BMPS 2026 HACKING #BMPS2026 #GodLike #Manya #BGMI #BGMIEsports #GodLike,TRDxPlazZz,https://www.youtube.com/watch?v=x7X_6TDsuI0,10170,329,0,2026-06-23T00:58:05Z,21,https://i.ytimg.com/vi/x7X_6TDsuI0/hqdefault.jpg,"GODLIKE MANYA EXPOSED? 😱 BMPS 2026 HACKING ALLEGATIONS GO VIRAL!

:BMPS 2026 Champions GodLike are making headlines again! 🔥 After Manya led GodLike to an incredible comeback victory, social media is "
2026-06-24,YouTube,QHQ3vmN-JPA,FINALLY 4.4 UPDATE IS HERE IN BGMI SOLO VS SQUAD🔥#bgmi #shortsfeed #shortslive,JACK 0.0,https://www.youtube.com/watch?v=QHQ3vmN-JPA,132597,956,0,2026-06-24T00:53:45Z,7039,https://i.ytimg.com/vi/QHQ3vmN-JPA/hqdefault.jpg,"DEVICE - i pad mini 7
BGMI UID - 5817735926                                                                                                                                     Instagram -  ig_jackgame"
2026-06-24,YouTube,KIz9WM6mUaA,CUSTOM ROOM | 1v1 TDM | CLASSIC GAMEPLAY | BGMI LIVE WITH KHWAISH#pubgmobile #pubg #bgmi #pubgm,Khwaish Gaming YT,https://www.youtube.com/watch?v=KIz9WM6mUaA,36068,801,1,2026-06-24T00:43:09Z,21253,https://i.ytimg.com/vi/KIz9WM6mUaA/hqdefault.jpg,"Hey Cuties🥰 !! Khwaish This Side Recently I Started Streaming BGMI , Have A Look And Enjoy The Stream 🤍☀ 

💥 𝘽𝙂𝙈𝙄 𝙄𝘿  - 5375486753 💥

🔴 STREAM TIMING = 8 pm 

🔴 INTSA = khwaishgamingyt 

🔴 UPI = khwai"
2026-06-24,YouTube,qx29GcfFVZs,BGMI 4.4🔥RUSH GAME PLAY 🤨|IPAD GAMEPLAY #shortsfeed  #shorts  #bgmilive  #shortslive,RIPZY Gaming ,https://www.youtube.com/watch?v=qx29GcfFVZs,17760,419,0,2026-06-24T00:46:36Z,28683,https://i.ytimg.com/vi/qx29GcfFVZs/hqdefault.jpg,"bgmi RUSH gameply
ipad game play

#bgmi #shorts #shortsfeed #bgmilive  #shortslive  #live    
#pubgshorts  #pubgmobile  #pubggameplay  #pubgindia  #pubg #bgmiuclive    #gaming  #shortsviral #shortlive"
2026-06-25,YouTube,x9N6T19-YoI,CUSTOM ROOM | 1v1 TDM | CLASSIC GAMEPLAY | BGMI LIVE WITH KHWAISH#pubgmobile #pubg #bgmi #pubgm,Khwaish Gaming YT,https://www.youtube.com/watch?v=x9N6T19-YoI,25248,840,1,2026-06-25T00:43:53Z,23686,https://i.ytimg.com/vi/x9N6T19-YoI/hqdefault.jpg,"Hey Cuties🥰 !! Khwaish This Side Recently I Started Streaming BGMI , Have A Look And Enjoy The Stream 🤍☀ 

💥 𝘽𝙂𝙈𝙄 𝙄𝘿  - 5375486753 💥

🔴 STREAM TIMING = 8 pm 

🔴 INTSA = khwaishgamingyt 

🔴 UPI = khwai"
2026-06-26,YouTube,owtXHuTTQHQ,IPAD KA JAANWAR IS HERE 💀🔥#shortsfeed #bgmi #pubg,Rexxy Plays,https://www.youtube.com/watch?v=owtXHuTTQHQ,29062,609,0,2026-06-26T00:09:35Z,19351,https://i.ytimg.com/vi/owtXHuTTQHQ/hqdefault.jpg,"IPAD KA JAANWAR IS HERE 💀🔥#shortsfeed #bgmi #pubg 

📢 Connect With Me:
Instagram:  instagram.com/rexxyplays06

Discord: discord.gg/GeJCW8WwCm

KICK: kick.com/rexxyplays

Don't forget to hit that LIKE "
2026-06-26,YouTube,gNdfDQCdcSo,LIVE VERTICAL - Total Rush | BGMI | PUBG MOBILE |,Beast is Live,https://www.youtube.com/watch?v=gNdfDQCdcSo,16976,135,0,2026-06-26T01:55:32Z,12913,https://i.ytimg.com/vi/gNdfDQCdcSo/hqdefault.jpg,"#shortsfeed #shortslive #pubg
PUBG ID - 5564860546
5 Finger Gameplay 

PC setup link - https://youtube.com/shorts/ilrBN5pk5D4

PC specs: 
Processor: 11th Gen Intel(R) Core(TM) i9-11900KF @ 3.50GHz 
RA"
2026-06-26,YouTube,HWZVpkasHF0,DOING SOLO 200 KILLS TODAY🔥|| PUMPKIN IS LIVE|| GIRL GAMER #bgmi #bgmilive #explore #live #girlgamer,PUMPKIN GAMING,https://www.youtube.com/watch?v=HWZVpkasHF0,16240,323,5,2026-06-26T00:18:08Z,14497,https://i.ytimg.com/vi/HWZVpkasHF0/hqdefault.jpg,"Make Sure You Enjoy The Live And Do Not Forget To Subscribe The Channel 
Instagram: Pumpkingamingg
Discord: https://discord.gg/uf4yMYNqs
Email: pumpkingaming27@gmail.com
Membership link: https://www.y"
2026-06-26,YouTube,ZYYgOxP51wA,🚨 STOP DON'T USE | Prize Path Upgradable Gun | M4 Glacier Switch Effect | Ultimate Set Crate Opening,Cinderella Gaming,https://www.youtube.com/watch?v=ZYYgOxP51wA,10625,1000,92,2026-06-26T00:49:14Z,1267,https://i.ytimg.com/vi/ZYYgOxP51wA/hqdefault.jpg,"Get More Extra Discount 😱
https://bit.ly/4gEBd2j

DON'T USE GEM | Prize Path Upgradable Gun | M4 Glacier Switch Effect | Ultimate Set Crate Opening

Whatsapp Group 👇 For Secret Information
https://wha"
2026-06-26,YouTube,_RzN5ODTJcM,GODLIKE MEIN SABSE ZYADA SALARY KISKI HAI?  #GodLike #BGMI #Jonathan #GodLikeEsports #BGMIIndia,TRDxPlazZz,https://www.youtube.com/watch?v=_RzN5ODTJcM,10492,231,25,2026-06-26T00:25:33Z,21,https://i.ytimg.com/vi/_RzN5ODTJcM/hqdefault.jpg,"GODLIKE MEIN SABSE ZYADA SALARY KISKI HAI? 😱 Biggest BGMI Salary Reveal!

📝 Trending Description:GodLike Esports ke players mein sabse zyada salary kis player ki hai? 🤯 Is YouTube Short mein janiye Go"
2026-06-28,YouTube,vpcjdtVxBCs,😎36 HOURS NON STOP STREAM CHALLENGE🔥| BGMI LIVE ‪‪@LoLzZzGaming‬ #shortslive #shortfeed #bgmilive,Mayur Gaming React,https://www.youtube.com/watch?v=vpcjdtVxBCs,62345,2246,2,2026-06-28T04:36:19Z,42880,https://i.ytimg.com/vi/vpcjdtVxBCs/hqdefault.jpg,"🔥LIVE - Only Chicken Challenges in BGMI w  JONATHAN GAMNG | #shortslive #shortfeed #bgmilive

🥶LIVE - ULTIMATE ROYALE RANK PUSH w  @LoLzZzGaming   | #shortslive #shortfeed #bgmilive #lolzzz #newupdate"
2026-06-28,YouTube,wS1_nJqYFC4,🚨Finally | 1500+ Classic Crate Opening For Akm Glacier | Akm Glacier Back | Akm Glacier Trick,Cinderella Gaming,https://www.youtube.com/watch?v=wS1_nJqYFC4,35851,2506,1072,2026-06-28T00:52:23Z,664,https://i.ytimg.com/vi/wS1_nJqYFC4/hqdefault.jpg,"Finally | 1500+ Classic Crate Opening For Akm Glacier | Akm Glacier Back | Akm Glacier Trick

https://youtu.be/ZYYgOxP51wA

Whatsapp Group 👇 For Secret Information 
https://whatsapp.com/channel/0029Vb"
2026-06-28,YouTube,9ew26xOZt80,CUSTOM ROOM | 1v1 TDM | CLASSIC GAMEPLAY | BGMI LIVE WITH KHWAISH#pubgmobile #pubg #bgmi #pubgm,Khwaish Gaming YT,https://www.youtube.com/watch?v=9ew26xOZt80,30411,725,0,2026-06-28T00:42:04Z,23180,https://i.ytimg.com/vi/9ew26xOZt80/hqdefault.jpg,"Hey Cuties🥰 !! Khwaish This Side Recently I Started Streaming BGMI , Have A Look And Enjoy The Stream 🤍☀ 

💥 𝘽𝙂𝙈𝙄 𝙄𝘿  - 5375486753 💥

🔴 STREAM TIMING = 8 pm 

🔴 INTSA = khwaishgamingyt 

🔴 UPI = khwai"
2026-06-28,YouTube,XtLVCwDYob8,Alexa Says JONATHAN goat of Bgmi 🐐🥰 #jonathangaming #tagjonathan #spower #jonathanlive,Jonathan Fan Live,https://www.youtube.com/watch?v=XtLVCwDYob8,19869,1867,46,2026-06-28T01:56:18Z,39,https://i.ytimg.com/vi/XtLVCwDYob8/hqdefault.jpg,Alexa Says JONATHAN goat of Bgmi 🐐🥰 #jonathangaming #tagjonathan #spower #jonathanlive
2026-06-28,YouTube,wyBEnuiuYYI,Finally AKM Glacier OMG😍 #pubgmobile #bgmi,VASA •  LeVi,https://www.youtube.com/watch?v=wyBEnuiuYYI,15042,1881,172,2026-06-28T02:45:11Z,52,https://i.ytimg.com/vi/wyBEnuiuYYI/hqdefault.jpg,"AKM Glacier Classic Crate is BACK for 4 Days Only
Don't miss this chance to get the most legendary AKM Glacier skin in BGMI

#AKMGlacier #ClassicCrateOpening #BGMI
#AKMGlacierBGMI #GlacierTrick #Class"
2026-06-28,YouTube,xqRqm0oGuEU,FINALLY 🤩 AKM GLACIER UNLOCK | Akm Glacier Crate Opening | How to Get Akm Glacier Skin in Bgmi,Gk Afroz,https://www.youtube.com/watch?v=xqRqm0oGuEU,14883,2275,715,2026-06-28T03:07:17Z,657,https://i.ytimg.com/vi/xqRqm0oGuEU/hqdefault.jpg,"FINALLY 🤩 AKM GLACIER UNLOCK | Akm Glacier Crate Opening | How to Get Akm Glacier Skin in Bgmi

EXTRA UC OFFER :- https://bit.ly/3T5tbFX





4.5 UPDATE AA JAAO  - https://t.me/GkAfroz


Instagram :- "
2026-06-29,YouTube,wpr5pjYXv_Q,Rush Gameplay Tracker 📈 | BGMI Shorts,SONU IS LIVE,https://www.youtube.com/watch?v=wpr5pjYXv_Q,20988,376,0,2026-06-29T05:04:34Z,7640,https://i.ytimg.com/vi/wpr5pjYXv_Q/hqdefault.jpg,"ROAD TO 200,000 / 200 K SUBSCRIBER ❤️ 

FULL BOOMBAAM BAAM RUSH GAMEPLAY 🔥 

If you liked the Video don’t forget to Like, Share and Subscribe.

Hey Guys, 
Welcome to my Youtube Channel,
I'm Sonu kushw"
2026-06-29,YouTube,YYBW9iUyJqM,CUSTOM ROOM | 1v1 TDM | CLASSIC GAMEPLAY | BGMI LIVE WITH KHWAISH#pubgmobile #pubg #bgmi #pubgm,Khwaish Gaming YT,https://www.youtube.com/watch?v=YYBW9iUyJqM,20061,644,0,2026-06-29T01:05:23Z,23789,https://i.ytimg.com/vi/YYBW9iUyJqM/hqdefault.jpg,"Hey Cuties🥰 !! Khwaish This Side Recently I Started Streaming BGMI , Have A Look And Enjoy The Stream 🤍☀ 

💥 𝘽𝙂𝙈𝙄 𝙄𝘿  - 5375486753 💥

🔴 STREAM TIMING = 8 pm 

🔴 INTSA = khwaishgamingyt 

🔴 UPI = khwai"
2026-06-29,YouTube,1CHzVYuVpEg,#Why  Knowledge 📑Beats Money 💰 Every Single Time. #shorts #bgmi #freefireshorts #foryoupage #fyp #fy,Nex Run Gaming,https://www.youtube.com/watch?v=1CHzVYuVpEg,17621,0,1,2026-06-29T00:30:17Z,28,https://i.ytimg.com/vi/1CHzVYuVpEg/hqdefault.jpg,"Money comes and goes, but what you know stays with you forever. In this video, we break down the timeless debate: Is wealth built on bank accounts, or is it built on what’s in your head? 🧠💰
We explore"
2026-06-29,YouTube,41D8x-6CANw,NEW TRICK 🤩 AKM GLACIER  | Next Prize Path in Bgmi | Free Classic Crate Coupon Bgmi | Next Ultimate,Gk Afroz,https://www.youtube.com/watch?v=41D8x-6CANw,14267,1472,436,2026-06-29T02:45:05Z,525,https://i.ytimg.com/vi/41D8x-6CANw/hqdefault.jpg,"NEW TRICK 🤩 AKM GLACIER  | Next Prize Path in Bgmi | Free Classic Crate Coupon Bgmi | Next Ultimate



4.5 UPDATE AA JAAO  - https://t.me/GkAfroz


Instagram :- https://instagram.com/gk_afroz/




Abo"
2026-06-30,YouTube,Gia0Ie8xSDI,CUSTOM ROOM | 1v1 TDM | CLASSIC GAMEPLAY | BGMI LIVE WITH KHWAISH#pubgmobile #pubg #bgmi #pubgm,Khwaish Gaming YT,https://www.youtube.com/watch?v=Gia0Ie8xSDI,20570,669,0,2026-06-30T01:02:45Z,25982,https://i.ytimg.com/vi/Gia0Ie8xSDI/hqdefault.jpg,"Hey Cuties🥰 !! Khwaish This Side Recently I Started Streaming BGMI , Have A Look And Enjoy The Stream 🤍☀ 

💥 𝘽𝙂𝙈𝙄 𝙄𝘿  - 5375486753 💥

🔴 STREAM TIMING = 8 pm 

🔴 INTSA = khwaishgamingyt 

🔴 UPI = khwai"
2026-06-30,YouTube,o1eEH7Jvn1Y,Rush Gameplay Tracker 📈 | BGMI Shorts,SONU IS LIVE,https://www.youtube.com/watch?v=o1eEH7Jvn1Y,18424,509,0,2026-06-30T05:27:20Z,9427,https://i.ytimg.com/vi/o1eEH7Jvn1Y/hqdefault.jpg,"ROAD TO 200,000 / 200 K SUBSCRIBER ❤️ 

FULL BOOMBAAM BAAM RUSH GAMEPLAY 🔥 

If you liked the Video don’t forget to Like, Share and Subscribe.

Hey Guys, 
Welcome to my Youtube Channel,
I'm Sonu kushw"
2026-06-30,YouTube,TwtB8U7wf0w,Bgmi Chicken Streak Lets Go,Antaryami Gaming,https://www.youtube.com/watch?v=TwtB8U7wf0w,17269,1068,1,2026-06-30T00:59:49Z,7861,https://i.ytimg.com/vi/TwtB8U7wf0w/hqdefault.jpg,"Join this channel to get access to perks-:
https://www.youtube.com/channel/UCZXu...

FB PAGE-: https://www.facebook.com/antaryamirb

FOR PAYTM / G-PAY / PHONE-PE-: https://donates.in/antaryami

NEW CH"
2026-06-30,YouTube,Ou974gOPEcE,LIVE VERTICAL - Total Rush | BGMI | PUBG MOBILE |,Beast is Live,https://www.youtube.com/watch?v=Ou974gOPEcE,15498,121,0,2026-06-30T01:21:54Z,11921,https://i.ytimg.com/vi/Ou974gOPEcE/hqdefault.jpg,"#shortsfeed #shortslive #pubg
PUBG ID - 5564860546
5 Finger Gameplay 

PC setup link - https://youtube.com/shorts/ilrBN5pk5D4

PC specs: 
Processor: 11th Gen Intel(R) Core(TM) i9-11900KF @ 3.50GHz 
RA"
2026-07-01,YouTube,2DAHF4lVTFg,Rush Gameplay Tracker 📈 | BGMI Shorts,SONU IS LIVE,https://www.youtube.com/watch?v=2DAHF4lVTFg,29017,646,0,2026-07-01T05:10:30Z,8051,https://i.ytimg.com/vi/2DAHF4lVTFg/hqdefault.jpg,"ROAD TO 200,000 / 200 K SUBSCRIBER ❤️ 

FULL BOOMBAAM BAAM RUSH GAMEPLAY 🔥 

If you liked the Video don’t forget to Like, Share and Subscribe.

Hey Guys, 
Welcome to my Youtube Channel,
I'm Sonu kushw"
2026-07-01,YouTube,Ap2LlIa4l8Q,LIVE VERTICAL - Total Rush | BGMI | PUBG MOBILE |,Beast is Live,https://www.youtube.com/watch?v=Ap2LlIa4l8Q,28425,233,0,2026-07-01T01:24:25Z,14331,https://i.ytimg.com/vi/Ap2LlIa4l8Q/hqdefault.jpg,"#shortsfeed #shortslive #pubg
PUBG ID - 5564860546
5 Finger Gameplay 

PC setup link - https://youtube.com/shorts/ilrBN5pk5D4

PC specs: 
Processor: 11th Gen Intel(R) Core(TM) i9-11900KF @ 3.50GHz 
RA"
2026-07-01,YouTube,ZIGlO_8Jiek,BIG CHANGES 🤩 Bgmi A20 Royal Pass Date | Next Royal Pass Bgmi | New Mummy Set | Mummy Suit Bgmi,Gk Afroz,https://www.youtube.com/watch?v=ZIGlO_8Jiek,14758,1810,201,2026-07-01T02:45:38Z,524,https://i.ytimg.com/vi/ZIGlO_8Jiek/hqdefault.jpg,"BIG CHANGES 🤩 Bgmi A20 Royal Pass Date | Next Royal Pass Bgmi | New Mummy Set | Mummy Suit Bgmi


Instagram :- https://instagram.com/gk_afroz/




About Video :-

Ye Video Me Main Aapko dikhane Wala H"
2026-07-01,YouTube,zdBhcCSawtI,Regular streamer is BACK! 😝 BGMI w Teamcode #cutiegaming #bgmi #explore #fyp #shorts,CUTIE GAMING,https://www.youtube.com/watch?v=zdBhcCSawtI,12044,711,3,2026-07-01T00:06:00Z,25345,https://i.ytimg.com/vi/zdBhcCSawtI/hqdefault.jpg,"#bgmi #explore #fyp #cutiegaming 

❤️ Welcome, Amazing Viewers and Beloved Subscribers! ❤️
I'm Srijana Thakuri! 🌸
Subscribe to my channel for some funny & skilled gameplay with a sprinkle of cuteness!"
2026-07-02,YouTube,RhJgDQTCTLM,"Bgmi Events 😮 Godl Ex-Member Expose ? 😳 S8UL Biggest Collab 🚀 Thug, Neyoo, Zgod, TAG News ",Adi Gamer,https://www.youtube.com/watch?v=RhJgDQTCTLM,10223,1038,165,2026-07-02T02:45:14Z,980,https://i.ytimg.com/vi/RhJgDQTCTLM/hqdefault.jpg,"Hello Dosto, Welcome 🤗

Thanks to Respective Owners 
Goblin, Zgod, Thug, Neyoo 

       • [ FOLLOW MY SOCIALS ] • 

▶️ Whatsapp Channel ~
https://whatsapp.com/channel/0029VaNJB2V002T4pQ4ZmG39

▶️ Inst"
2026-07-03,YouTube,4A8MiXIR-cI,🔥MUMMY SET CRATE OPENING l 100000 UC MUMMY SUIT CRATE OPENING l Mummy set crate opening trick BGMI,Classified YT,https://www.youtube.com/watch?v=4A8MiXIR-cI,16677,3272,1500,2026-07-03T01:56:56Z,1171,https://i.ytimg.com/vi/4A8MiXIR-cI/hqdefault.jpg,"🔥MUMMY SET CRATE OPENING l 100000 UC MUMMY SUIT CRATE OPENING l Mummy set crate opening trick BGMI

Mummy Set is finally back in BGMI and PUBG Mobile! In this video, I open the latest Dark Chaophage M"
2026-07-05,YouTube,DQxBJGLZuqc,IPAD KA JAANWAR IS HERE 💀🔥#shortsfeed #bgmi #pubg,Rexxy Plays,https://www.youtube.com/watch?v=DQxBJGLZuqc,47126,440,0,2026-07-05T00:15:33Z,20099,https://i.ytimg.com/vi/DQxBJGLZuqc/hqdefault.jpg,"IPAD KA JAANWAR IS HERE 💀🔥#shortsfeed #bgmi #pubg 

📢 Connect With Me:
Instagram:  instagram.com/rexxyplays06

Discord: discord.gg/GeJCW8WwCm

KICK: kick.com/rexxyplays

Don't forget to hit that LIKE "
2026-07-05,YouTube,KdrYwxW410g,🔴LIVE BGMI GamePlay With New Mymmy Set #bgmi #gameplay  #livestream,AndhaPaisaLive,https://www.youtube.com/watch?v=KdrYwxW410g,21724,252,0,2026-07-05T04:19:07Z,14335,https://i.ytimg.com/vi/KdrYwxW410g/hqdefault.jpg,"Welcome to the stream! We are grinding BGMI today, pushing ranks, and having a blast with the squad. If you enjoy high-intensity gunfights, tactical gameplay, and daily live action, you’re in the righ"
2026-07-05,YouTube,aJAnLfH78UU,Rush Gameplay Tracker 📈 | BGMI Shorts,SONU IS LIVE,https://www.youtube.com/watch?v=aJAnLfH78UU,18639,524,0,2026-07-05T05:03:15Z,7980,https://i.ytimg.com/vi/aJAnLfH78UU/hqdefault.jpg,"ROAD TO 200,000 / 200 K SUBSCRIBER ❤️ 

FULL BOOMBAAM BAAM RUSH GAMEPLAY 🔥 

If you liked the Video don’t forget to Like, Share and Subscribe.

Hey Guys, 
Welcome to my Youtube Channel,
I'm Sonu kushw"
2026-07-05,YouTube,ziGoxSvVe3o,LIVE VERTICAL - Total Rush | BGMI | PUBG MOBILE |,Beast is Live,https://www.youtube.com/watch?v=ziGoxSvVe3o,18270,166,0,2026-07-05T00:45:08Z,12365,https://i.ytimg.com/vi/ziGoxSvVe3o/hqdefault.jpg,"#shortsfeed #shortslive #pubg
PUBG ID - 5564860546
5 Finger Gameplay 

PC setup link - https://youtube.com/shorts/ilrBN5pk5D4

PC specs: 
Processor: 11th Gen Intel(R) Core(TM) i9-11900KF @ 3.50GHz 
RA"
2026-07-05,YouTube,69m2iogE3UY,LIVE 🔴| BGMI MOBILE ROAD TO 20K SUBS 😎| HDR EXTREME Gameplay | #pubgmobilelive #bgmi #bgmilive,PRINCE IS LIVE ,https://www.youtube.com/watch?v=69m2iogE3UY,11286,112,0,2026-07-05T00:34:06Z,22839,https://i.ytimg.com/vi/69m2iogE3UY/hqdefault.jpg,"Hi, Welcome to the stream guys Hope You Enjoy and do not forget to Like, Comment, and Subscribe To My Channel @princeisliveop 



#PUBGMOBILE
#pubgmnextstarprogram
#PUBGMS30"
2026-07-05,YouTube,LlVO2_vfKzg,URGENT 🔴 PRE ORDER CANCEL ? | A20 Bonus Pass | Next X Suit Bgmi | Bgmi 4.5 Update | Ultimate Set,Gk Afroz,https://www.youtube.com/watch?v=LlVO2_vfKzg,11092,1631,226,2026-07-05T02:45:39Z,591,https://i.ytimg.com/vi/LlVO2_vfKzg/hqdefault.jpg,"URGENT 🔴 PRE ORDER CANCEL ? | A20 Bonus Pass | Next X Suit Bgmi | Bgmi 4.5 Update Leaks

About Video :-

Ye Video Me Main Aapko dikhane Wala Hun bgmi 4.5 update or bgmi next royal pass and a20 bonus p"
2026-07-05,YouTube,XlhSMOcRM10,India's Youngest 11K/D With New Mummy Set 💀! #bgmi #shorts #desiplayz,DESI PLAYz,https://www.youtube.com/watch?v=XlhSMOcRM10,10244,2058,40,2026-07-05T02:55:01Z,51,https://i.ytimg.com/vi/XlhSMOcRM10/hqdefault.jpg,
2026-07-06,YouTube,HMAx1vMIG34,Rush Gameplay Tracker 📈 | BGMI Shorts,SONU IS LIVE,https://www.youtube.com/watch?v=HMAx1vMIG34,16419,378,0,2026-07-06T05:02:38Z,7885,https://i.ytimg.com/vi/HMAx1vMIG34/hqdefault.jpg,"ROAD TO 200,000 / 200 K SUBSCRIBER ❤️ 

FULL BOOMBAAM BAAM RUSH GAMEPLAY 🔥 

If you liked the Video don’t forget to Like, Share and Subscribe.

Hey Guys, 
Welcome to my Youtube Channel,
I'm Sonu kushw"
2026-07-07,YouTube,-DuHZdxipy0,UNSTOPPABLE M24 15 KILLS COMEBACK😎🔥 | BGMI LIVE |  1 VS 4 M24 ROOMS | ADDY GAMING LIVE,ADDY GAMING ,https://www.youtube.com/watch?v=-DuHZdxipy0,21942,365,3,2026-07-07T01:44:25Z,6851,https://i.ytimg.com/vi/-DuHZdxipy0/hqdefault.jpg,UNSTOPPABLE M24 15 KILLS COMEBACK😎🔥 | BGMI LIVE |  1 VS 4 M24 ROOMS | ADDY GAMING LIVE #bgmilive #pubg #shortsfeed  #BGMI #BGMILive  #ShortsFeed #ShortsLive #CustomRoom #ClassicPush #Gaming #LiveStrea
2026-07-07,YouTube,HkUJ7c0ffYU,Helicopter OR Plane?😮  #bgmi #pubgmobile,ThunderTwins,https://www.youtube.com/watch?v=HkUJ7c0ffYU,21033,0,10,2026-07-07T04:30:34Z,17,https://i.ytimg.com/vi/HkUJ7c0ffYU/hqdefault.jpg,
2026-07-07,YouTube,lIwyNFo7vrg,OMG 😍 Next Mythic Forge Bgmi | Free Character Voucher Event | Tidal M416 Return | X suit Trick,Gk Afroz,https://www.youtube.com/watch?v=lIwyNFo7vrg,13331,1997,171,2026-07-07T02:45:22Z,542,https://i.ytimg.com/vi/lIwyNFo7vrg/hqdefault.jpg,"OMG 😍 Next Mythic Forge Bgmi | Free Character Voucher Event | Tidal M416 Return | X suit Trick


Aaj ki is video me hum baat karne wale hain BGMI ke upcoming big updates, leaks aur special events ke b"
2026-07-07,YouTube,i3lYFyoL3gU,Regular streamer is BACK! 😝 BGMI w Teamcode #cutiegaming #bgmi #explore #fyp #shorts,CUTIE GAMING,https://www.youtube.com/watch?v=i3lYFyoL3gU,12744,684,0,2026-07-07T00:48:58Z,25019,https://i.ytimg.com/vi/i3lYFyoL3gU/hqdefault.jpg,"#bgmi #explore #fyp #cutiegaming 

❤️ Welcome, Amazing Viewers and Beloved Subscribers! ❤️
I'm Srijana Thakuri! 🌸
Subscribe to my channel for some funny & skilled gameplay with a sprinkle of cuteness!"
2026-07-07,YouTube,CMM1Y70orKU,LIVE VERTICAL - Total Rush | BGMI | PUBG MOBILE |,Beast is Live,https://www.youtube.com/watch?v=CMM1Y70orKU,12576,112,0,2026-07-07T00:38:58Z,7835,https://i.ytimg.com/vi/CMM1Y70orKU/hqdefault.jpg,"#shortsfeed #shortslive #pubg
PUBG ID - 5564860546
5 Finger Gameplay 

PC setup link - https://youtube.com/shorts/ilrBN5pk5D4

PC specs: 
Processor: 11th Gen Intel(R) Core(TM) i9-11900KF @ 3.50GHz 
RA"
2026-07-07,YouTube,mkKec5Vk1lk,BGMI RUSH GAMEPLAY ONLY😘 | TWINKLE IS LIVE🥰 | FACECAM | #bgmi #shortsfeed #ytlive #shorts,Twinkle Gaming,https://www.youtube.com/watch?v=mkKec5Vk1lk,10080,280,0,2026-07-07T03:36:51Z,22151,https://i.ytimg.com/vi/mkKec5Vk1lk/hqdefault.jpg,"Hi Everyone 
Thank you for joining my PUBG stream ❤️. My UID is 55542487172.
If you enjoyed it - please like, share, and subscribe to my channel 🥰

#bgmi #girlgamer #kaashplays #jonathangaming #payalg"
2026-07-08,YouTube,EsY5AtcpLug,Challenges are on📈| BGMI WITH PIU PIU♥️ #bgmilive #fyp  #explore #girlgamer,Piu Piu Gaming,https://www.youtube.com/watch?v=EsY5AtcpLug,13080,744,0,2026-07-08T01:32:37Z,27659,https://i.ytimg.com/vi/EsY5AtcpLug/hqdefault.jpg,#bgmifacecamgameplay #piupiuislive   #piupiu  #girlgamer #pubg #facecam #shortsfeed #shorts #live #recommend #teamcode #giveaway #bgmi #pubgmobile #girlgamer #shortsfeed #viral #shorts #trending #shor
2026-07-09,YouTube,VmjfA__fpYo,CUSTOM ROOM | 1v1 TDM | CLASSIC GAMEPLAY | BGMI LIVE WITH KHWAISH#pubgmobile #pubg #bgmi #pubgm,Khwaish Gaming YT,https://www.youtube.com/watch?v=VmjfA__fpYo,35069,761,0,2026-07-09T00:38:19Z,25565,https://i.ytimg.com/vi/VmjfA__fpYo/hqdefault.jpg,"Hey Cuties🥰 !! Khwaish This Side Recently I Started Streaming BGMI , Have A Look And Enjoy The Stream 🤍☀ 

💥 𝘽𝙂𝙈𝙄 𝙄𝘿  - 5375486753 💥

🔴 STREAM TIMING = 8 pm 

🔴 INTSA = khwaishgamingyt 

🔴 UPI = khwai"
2026-07-09,YouTube,-Xs0gi-62pM,4.5 UPDATE 😍 Pre Order Event ? | Bgmi Next Prize Path | Next SuperCar in Bgmi | Next Ultimate Set,Gk Afroz,https://www.youtube.com/watch?v=-Xs0gi-62pM,15252,1952,208,2026-07-09T02:45:02Z,619,https://i.ytimg.com/vi/-Xs0gi-62pM/hqdefault.jpg,"4.5 UPDATE 😍 Pre Order Event ? | Bgmi Next Prize Path | Next SuperCar in Bgmi | Next Ultimate Set

About Video :-

Ye Video Me Main Aapko dikhane Wala Hun bgmi 4.5 update or bgmi next royal pass and a"
2026-07-09,YouTube,2K8oshBI9o8,"Bgmi Creator Event 😮 Scout vs Jonathan vs Goblin 😳 S8UL Godl EWC 🔥 Payal, Lolzz, Snax News ",Adi Gamer,https://www.youtube.com/watch?v=2K8oshBI9o8,12353,965,151,2026-07-09T02:45:37Z,916,https://i.ytimg.com/vi/2K8oshBI9o8/hqdefault.jpg,"Hello Dosto, Welcome 🤗

💥 Join Falcon Esports Channel - 
https://whatsapp.com/channel/0029VbCyxZ3JZg47SBU6DX0D

Thanks to Respective Owners
Snax, Shreeman, Legend, Sid, Lolzz, Owais 
CG Talks - https:"
2026-07-10,YouTube,XYtnztlNyig,CUSTOM ROOM | 1v1 TDM | CLASSIC GAMEPLAY | BGMI LIVE WITH KHWAISH#pubgmobile #pubg #bgmi #pubgm,Khwaish Gaming YT,https://www.youtube.com/watch?v=XYtnztlNyig,26936,596,2,2026-07-10T00:00:20Z,23293,https://i.ytimg.com/vi/XYtnztlNyig/hqdefault.jpg,"Hey Cuties🥰 !! Khwaish This Side Recently I Started Streaming BGMI , Have A Look And Enjoy The Stream 🤍☀ 

💥 𝘽𝙂𝙈𝙄 𝙄𝘿  - 5375486753 💥

🔴 STREAM TIMING = 8 pm 

🔴 INTSA = khwaishgamingyt 

🔴 UPI = khwai"
2026-07-10,YouTube,pThAqrLAkF0,4.5 UPDATE 😍 Biggest Lucky Spin | Naruto Prize Path | Next Ultimate Outfit Bgmi | Next Lucky Spin,Gk Afroz,https://www.youtube.com/watch?v=pThAqrLAkF0,13587,1932,207,2026-07-10T02:45:09Z,698,https://i.ytimg.com/vi/pThAqrLAkF0/hqdefault.jpg,"4.5 UPDATE 😍 Biggest Lucky Spin | Naruto Prize Path | Next Ultimate Outfit Bgmi | Next Lucky Spin

About Video :-

Ye Video Me Main Aapko dikhane Wala Hun bgmi 4.5 update or bgmi next royal pass and a"
2026-07-10,YouTube,LN4uLJmQgdQ,“🔥 BGMI NEW 4.4 UPDATE CLASSIC EXPLORE AND TDM ROOMS🔥 |  #bgmi #short #bgmilive #1v1room,Neptune is live ,https://www.youtube.com/watch?v=LN4uLJmQgdQ,13042,165,0,2026-07-10T00:19:54Z,19054,https://i.ytimg.com/vi/LN4uLJmQgdQ/hqdefault.jpg,"🗣 FOLLOW ME ON 
 
WHATSAPP = https://chat.whatsapp.com/Fj9vn0EMlHQ99BbdYyAdbT
INSTAGRAM 📷 = https://www.instagram.com/stymphalist._?igsh=MWU0dW9yNXFzbTdkaw==&utm_source=ig_contact_invite


YOUTUBE ▶ ="
2026-07-10,YouTube,XUNceh5kkQM,BGMI 4.4 UPDATE 😈 FULL DOMINATION LIVE #shortsfeed #live #bgmi #bgmilive #pubgmobile,BAWAL IS LIVE,https://www.youtube.com/watch?v=XUNceh5kkQM,11602,179,0,2026-07-10T04:52:16Z,14443,https://i.ytimg.com/vi/XUNceh5kkQM/hqdefault.jpg,"Welcome to my BGMI LIVE STREAM
 🔴NEW BGMI 4.4 UPDATE LIVE 🔥 Full Domination, Hero's Crown Mode, Hot Drops, Aggressive Gameplay, Squad Wipes & Non-Stop Action. Subscribe for Daily BGMI Live Streams."
2026-07-10,YouTube,yGfH8gD9Y_k,Nini time 💅| BGMI WITH PIU PIU♥️ #bgmilive #fyp  #explore #girlgamer,Piu Piu Gaming,https://www.youtube.com/watch?v=yGfH8gD9Y_k,10728,772,0,2026-07-10T00:44:08Z,28885,https://i.ytimg.com/vi/yGfH8gD9Y_k/hqdefault.jpg,#bgmifacecamgameplay #piupiuislive   #piupiu  #girlgamer #pubg #facecam #shortsfeed #shorts #live #recommend #teamcode #giveaway #bgmi #pubgmobile #girlgamer #shortsfeed #viral #shorts #trending #shor
2026-07-10,YouTube,qbE7dM-ELAM,🔴 YES YES WE ARE BACK ❤️🥰💗 #bgmi #bgmilive 💗,Miss Senorita,https://www.youtube.com/watch?v=qbE7dM-ELAM,10402,169,0,2026-07-10T00:54:02Z,12589,https://i.ytimg.com/vi/qbE7dM-ELAM/hqdefault.jpg,"https://www.youtube.com/channel/UCHjhEGwR8DG8MxhY8FdVWoA/join
 
linktree - https://linktr.ee/dollysadnani 

hey peeps! Thanks for joining ❤️and  Welcome to my channel Miss Senorita
first, I would love"
2026-07-11,YouTube,ebaZ1Q4iUAg,Cutie is Live | BGMI w Teamcode #cutiegaming #bgmi #explore #fyp #shorts,CUTIE GAMING,https://www.youtube.com/watch?v=ebaZ1Q4iUAg,17976,665,1,2026-07-11T00:22:54Z,21584,https://i.ytimg.com/vi/ebaZ1Q4iUAg/hqdefault.jpg,"#bgmi #explore #fyp #cutiegaming 

❤️ Welcome, Amazing Viewers and Beloved Subscribers! ❤️
I'm Srijana Thakuri! 🌸
Subscribe to my channel for some funny & skilled gameplay with a sprinkle of cuteness!"
2026-07-12,YouTube,Vm5uzIB3Sbc,😱Big Update | Naruto Prize Path Full Explained | Ultimate Crate Opening Trick | Pre Order Is Here,Cinderella Gaming,https://www.youtube.com/watch?v=Vm5uzIB3Sbc,11661,1341,565,2026-07-12T00:57:50Z,976,https://i.ytimg.com/vi/Vm5uzIB3Sbc/hqdefault.jpg,"Big Update | Naruto Prize Path Full Explained | Ultimate Crate Opening Trick | Pre Order Is Here


Jyada active here 👇Aajao yaha jaldi se
https://whatsapp.com/channel/0029Vb7XhWn4IBhL9q05dl02

Other s"
2026-07-13,YouTube,mKdB-H-o68s,FINALLY 4.4 UPDATE IS HERE IN BGMI SOLO VS SQUAD🔥#bgmi #shortsfeed #shortslive,JACK 0.0,https://www.youtube.com/watch?v=mKdB-H-o68s,62660,290,0,2026-07-13T00:48:41Z,7159,https://i.ytimg.com/vi/mKdB-H-o68s/hqdefault.jpg,"DEVICE - i pad mini 7
BGMI UID - 5817735926                                                                                                                                     Instagram -  ig_jackgame"
2026-07-13,YouTube,MErxA8c0ak4,50 KILLS HOGE AAJ????🔥| BGMI |#shortsfeed #bgmi,Rexxy Plays,https://www.youtube.com/watch?v=MErxA8c0ak4,53879,550,0,2026-07-13T01:21:58Z,22674,https://i.ytimg.com/vi/MErxA8c0ak4/hqdefault.jpg,"50 KILLS HOGE AAJ????🔥| BGMI |#shortsfeed #bgmi 
📢 Connect With Me:
Instagram:  instagram.com/rexxyplays06

Discord: discord.gg/GeJCW8WwCm

KICK: kick.com/rexxyplays

Don't forget to hit that LIKE but"
2026-07-13,YouTube,-dZ0o0AmFUs,🔴 Fun With Subscribers!🔥#bgmilive  #shorts #shortsfeed #bgmi,Saten Is Live,https://www.youtube.com/watch?v=-dZ0o0AmFUs,43112,0,0,2026-07-13T01:27:42Z,25625,https://i.ytimg.com/vi/-dZ0o0AmFUs/hqdefault.jpg,"Welcome to the Ultimate BGMI Fun Live Stream! 🎮
Get ready for non-stop action, crazy clutches, unexpected moments, and full-on entertainment! Whether you're here for pro gameplay, hilarious commentary"
2026-07-13,YouTube,MUaOHfKhRrc,Cutie is Live | BGMI w Teamcode #cutiegaming #bgmi #explore #fyp #shorts,CUTIE GAMING,https://www.youtube.com/watch?v=MUaOHfKhRrc,13581,596,1,2026-07-13T00:18:45Z,21322,https://i.ytimg.com/vi/MUaOHfKhRrc/hqdefault.jpg,"#bgmi #explore #fyp #cutiegaming 

❤️ Welcome, Amazing Viewers and Beloved Subscribers! ❤️
I'm Srijana Thakuri! 🌸
Subscribe to my channel for some funny & skilled gameplay with a sprinkle of cuteness!"
2026-07-13,YouTube,2xy5DPhnD8E,OFFICIAL 😍 Bgmi 4.5 Play Store Update | Bgmi New Update | Patch Notes | Ultimate Set & Prize Path,Gk Afroz,https://www.youtube.com/watch?v=2xy5DPhnD8E,11015,1500,177,2026-07-13T02:45:34Z,483,https://i.ytimg.com/vi/2xy5DPhnD8E/hqdefault.jpg,"OFFICIAL 😍 Bgmi 4.5 Play Store Update | Bgmi New Update | Patch Notes | Ultimate Set & Prize Path

AA JAAO 4.5 UPDATE - https://t.me/GkAfroz





Instagram :- https://instagram.com/gk_afroz/




About"
2026-07-14,YouTube,CArL3qrBC20,LIVE VERTICAL -New Update 4.5 Total Rush Gameplay  | BGMI | PUBG MOBILE | #bgmi #pubg,Beast is Live,https://www.youtube.com/watch?v=CArL3qrBC20,14306,86,0,2026-07-14T00:29:34Z,8211,https://i.ytimg.com/vi/CArL3qrBC20/hqdefault.jpg,"#shortsfeed #shortslive #pubg
PUBG ID - 5564860546
5 Finger Gameplay 

PC setup link - https://youtube.com/shorts/ilrBN5pk5D4

PC specs: 
Processor: 11th Gen Intel(R) Core(TM) i9-11900KF @ 3.50GHz 
RA"
2026-07-15,YouTube,nmtlE4Gxl1M,TEAMCODES and fun Reaction#shortsviral #apex #viralfeed #shortsfeed #viral #bgmi #jonathan  #bgmi,Aish Playz,https://www.youtube.com/watch?v=nmtlE4Gxl1M,27900,882,1,2026-07-15T00:32:18Z,28911,https://i.ytimg.com/vi/nmtlE4Gxl1M/hqdefault.jpg,Show LOVE and SUPPORT                                                                                                                                                                            Hey pea
2026-07-15,YouTube,1eO4fEcYxE4,“🔥 BGMI NEW 4.4 UPDATE CLASSIC EXPLORE AND TDM ROOMS🔥 |  #bgmi #short #bgmilive #1v1room,Neptune is live ,https://www.youtube.com/watch?v=1eO4fEcYxE4,16221,286,0,2026-07-15T00:27:14Z,19599,https://i.ytimg.com/vi/1eO4fEcYxE4/hqdefault.jpg,"🗣 FOLLOW ME ON 
 
WHATSAPP = https://chat.whatsapp.com/Fj9vn0EMlHQ99BbdYyAdbT
INSTAGRAM 📷 = https://www.instagram.com/stymphalist._?igsh=MWU0dW9yNXFzbTdkaw==&utm_source=ig_contact_invite


YOUTUBE ▶ ="
2026-07-15,YouTube,79xSSwpQxO4,URGENT 🔴 Bgmi 4.5 Playstore Update | New Mythic Forge | Pre Order | Bgmi New Update | Bgmi Update,Gk Afroz,https://www.youtube.com/watch?v=79xSSwpQxO4,10806,1806,175,2026-07-15T02:45:11Z,585,https://i.ytimg.com/vi/79xSSwpQxO4/hqdefault.jpg,"URGENT 🔴 Bgmi 4.5 Playstore Update | New Mythic Forge | Pre Order | Bgmi New Update | Bgmi Update

AA JAAO 4.5 UPDATE - https://t.me/GkAfroz





Instagram :- https://instagram.com/gk_afroz/




About"
2026-07-16,YouTube,OfkEOekZhmU,50 KILLS HOGE AAJ????🔥| BGMI |#shortsfeed #bgmi,Rexxy Plays,https://www.youtube.com/watch?v=OfkEOekZhmU,41564,581,0,2026-07-16T01:03:26Z,22059,https://i.ytimg.com/vi/OfkEOekZhmU/hqdefault.jpg,"50 KILLS HOGE AAJ????🔥| BGMI |#shortsfeed #bgmi 
📢 Connect With Me:
Instagram:  instagram.com/rexxyplays06

Discord: discord.gg/GeJCW8WwCm

KICK: kick.com/rexxyplays

Don't forget to hit that LIKE but"
2026-07-16,YouTube,qtwjEOAdRys,🔥BGMI 4.5 Update | Top 20 Tips & Tricks | Complete 4.5 Naruto Update Guide and New Features,Classified YT,https://www.youtube.com/watch?v=qtwjEOAdRys,23754,4022,3892,2026-07-16T01:30:24Z,710,https://i.ytimg.com/vi/qtwjEOAdRys/hqdefault.jpg,"🔥BGMI 4.5 Update | Top 20 Tips & Tricks | Complete 4.5 Naruto Update Guide and New Features

BGMI 4.5 Update | Top 20 Tips & Tricks | Complete Naruto Theme Guide & New Features

🔥 The BGMI 4.5 Update "
2026-07-16,YouTube,0uWwo9GKnYY,BIG CHANGES 😍 Bgmi 4.5 Update Download | Bgmi New Update | Bgmi Update Not Showing | Bgmi Update,Gk Afroz,https://www.youtube.com/watch?v=0uWwo9GKnYY,20546,2407,325,2026-07-16T00:45:15Z,431,https://i.ytimg.com/vi/0uWwo9GKnYY/hqdefault.jpg,"BIG CHANGES 😍 Bgmi 4.5 Update Download | Bgmi New Update | Bgmi Update Not Showing | Bgmi Update

4.5 UPDATE  - https://t.me/GkAfroz
Link Open Na Ho Search Kar Lena @Gk Afroz 





Instagram :- https:"
2026-07-16,YouTube,aHeJSL02pRo,“🔥 BGMI NEW 4.4 UPDATE CLASSIC EXPLORE AND TDM ROOMS🔥 |  #bgmi #short #bgmilive #1v1room,Neptune is live ,https://www.youtube.com/watch?v=aHeJSL02pRo,17846,248,0,2026-07-16T00:49:17Z,20860,https://i.ytimg.com/vi/aHeJSL02pRo/hqdefault.jpg,"🗣 FOLLOW ME ON 
 
WHATSAPP = https://chat.whatsapp.com/Fj9vn0EMlHQ99BbdYyAdbT
INSTAGRAM 📷 = https://www.instagram.com/stymphalist._?igsh=MWU0dW9yNXFzbTdkaw==&utm_source=ig_contact_invite


YOUTUBE ▶ ="
2026-07-16,YouTube,xE6-hoRZJJM,BGMI 4.5 UPDATE KAISE KARE 🔴 BGMI UPDATE NOT SHOWING IN PLAY STORE 🔴 BGMI UPDATE NOT COMING PROBLEM,ULTRA SAM,https://www.youtube.com/watch?v=xE6-hoRZJJM,13496,828,209,2026-07-16T00:15:36Z,379,https://i.ytimg.com/vi/xE6-hoRZJJM/hqdefault.jpg,"In this Video i will show you BGMI 4.5 UPDATE KAISE KARE or BGMI NEW UPDATE NOT SHOWING IN PLAY STORE & APP STORE Solution in Detail So watch the video till End.

#bgminewupdate #bgmiupdate #bgmiupdat"
2026-07-17,YouTube,lt0DlTd0w08,EXPLORING NEW NARUTO UPDATE🔥W HYDRA JALEBEE | #shortslive #shortsfeed #bgmi #bgmilive #shorts,JaLeBeeYT,https://www.youtube.com/watch?v=lt0DlTd0w08,24489,477,0,2026-07-17T01:56:29Z,27429,https://i.ytimg.com/vi/lt0DlTd0w08/hqdefault.jpg,"#shortsfeed #shortslive #shorts #live #bgmi #shorts #live #bgmi
✨MY BIO✨ 

🥨Name - Sanjana Badne
🍳IGN -     HYDRAxJALEBEE
🍟DEVICE - IPHONE  17 pro max

 
💕MY UPI💕

 UPIID - 7735005005


✨MY SOCIALS✨

"
2026-07-17,YouTube,3aR99uzoBo0,🔴LIVE BGMI Naruto Event 4.5 update Is Here #bgmi #gameplay  #livestream,AndhaPaisaLive,https://www.youtube.com/watch?v=3aR99uzoBo0,19224,122,0,2026-07-17T03:08:10Z,16487,https://i.ytimg.com/vi/3aR99uzoBo0/hqdefault.jpg,"Welcome to the stream! We are grinding BGMI today, pushing ranks, and having a blast with the squad. If you enjoy high-intensity gunfights, tactical gameplay, and daily live action, you’re in the righ"
2026-07-17,YouTube,eHW8Ar7Flkc,😍4.5 UPDATE IS HERE 1vs4 CHALLENGE 40 KILLS CHALLENGE IN BGMI LIVE 🔥,NeonXPawan,https://www.youtube.com/watch?v=eHW8Ar7Flkc,12313,902,18,2026-07-17T00:23:13Z,11190,https://i.ytimg.com/vi/eHW8Ar7Flkc/hqdefault.jpg,OP
2026-07-17,YouTube,7SskMEM4k5o,😍CLAIM A FREE SET EVENT IN BGMI | EXPLORE KONOHA CITY HUB 1 TIME | FREE MYTHIC NARUTO UZUMAKI SET,MAUT VIRUS GAMING,https://www.youtube.com/watch?v=7SskMEM4k5o,11406,993,161,2026-07-17T01:10:57Z,346,https://i.ytimg.com/vi/7SskMEM4k5o/hqdefault.jpg,"I explained bgmi new Naruto event secret code & konoha city hub location.


TELEGRAM
https://t.me/mautvirusgaming

MY SECOND CHANNEL
https://youtu.be/2ox_fBWGdJI

My BGMI Id
5130010627

Discord
https:"
2026-07-17,YouTube,mei6LEBqTCA,😎NEW ROYAL PASS BGMI 4.5 UPDATE IS HERE🔥| BGMI LIVE ‪‪@LoLzZzGaming‬ #shortslive #shortfeed,ADDY GAMING ,https://www.youtube.com/watch?v=mei6LEBqTCA,10519,148,0,2026-07-17T00:02:08Z,5672,https://i.ytimg.com/vi/mei6LEBqTCA/hqdefault.jpg,"🔥LIVE - Only Chicken Challenges in BGMI w  JONATHAN GAMNG | #shortslive #shortfeed #bgmilive

🥶LIVE - ULTIMATE ROYALE RANK PUSH w  @LoLzZzGaming   | #shortslive #shortfeed #bgmilive #lolzzz #newupdate"
2026-07-18,YouTube,bnyiIUV4QdU,BGMI LIVE | RANK PUSH | TOP 10 | TRYING NEW FEATURE🖤 #meccha #bgmi #bgmilive #live #shorts #jonathan,Ayushi Plays,https://www.youtube.com/watch?v=bnyiIUV4QdU,13876,368,0,2026-07-18T00:04:02Z,22689,https://i.ytimg.com/vi/bnyiIUV4QdU/hqdefault.jpg,"Join this channel to get access to perks:
https://www.youtube.com/channel/UCX6i04MlzQI3T2aPBBbQDbg/join

Social links
Instagram: https://www.instagram.com/ayushi_2k03/ 
Discord: https://discord.gg/JvZ"
2026-07-18,YouTube,1gfO5LjDn4c,@JONATHANGAMINGYT Gifted me car💀 #shorts #bgmi #jonathangaming,Mayur Gaming React,https://www.youtube.com/watch?v=1gfO5LjDn4c,10827,1639,20,2026-07-18T02:30:27Z,21,https://i.ytimg.com/vi/1gfO5LjDn4c/hqdefault.jpg,
2026-07-19,YouTube,E7-9kQr8q6Y,🔥100000 UC NARUTO PRIZE PATH AND CRATE OPENING l GET FREE LUCKY COINS l NARUTO ULTIMATE GILT SPIN,Classified YT,https://www.youtube.com/watch?v=E7-9kQr8q6Y,18512,3042,3400,2026-07-19T02:04:56Z,1046,https://i.ytimg.com/vi/E7-9kQr8q6Y/hqdefault.jpg,"🔥100000 UC NARUTO PRIZE PATH AND CRATE OPENING l GET FREE LUCKY COINS l NARUTO ULTIMATE CRATE OPENING IN BGMI


#Indiakabattlegrounds #battlegroundsmobileIndia
My BGMI ID: 5226425375 Pls send free pop"
2026-07-19,YouTube,E22AoB4Fa28,#1 NON GYRO PLAYER #bgmi #pubg #shortsfeed #mrbeast #bgmilive #pubgm #pubglive,PENCIL IS LIVE,https://www.youtube.com/watch?v=E22AoB4Fa28,16249,124,0,2026-07-19T01:42:24Z,8509,https://i.ytimg.com/vi/E22AoB4Fa28/hqdefault.jpg,"**Device** IPad Pro M4
I play BGMI and PUBG with Pencil.

#pubglive #bgmilive #shortsfeed #shorts #shortslivestream #live #kelvin #aryankelvin 














bgmi, bgmi live, bgmi ipad, live bgmi, bgm"
2026-07-19,YouTube,NfGtFYNO0I4,🔥 FINALLY! BGMI 4.5 UPDATE IS HERE 😍 NARUTO MODE |  #shortsfeed #live #bgmi #bgmilive #pubgmobile,BAWAL IS LIVE,https://www.youtube.com/watch?v=NfGtFYNO0I4,14721,318,0,2026-07-19T00:25:08Z,0,https://i.ytimg.com/vi/NfGtFYNO0I4/hqdefault_live.jpg,"🔥 FINALLY! BGMI 4.5 UPDATE IS HERE!
Welcome to today's BGMI Live Stream!
🎮 Naruto Collaboration Mode
🏆 Conqueror Rank Push
⚡ New Powers & New Gameplay
💥 High Kill Matches & Epic Clutches
❤️ Like • Sha"
2026-07-19,YouTube,DRwNpCOaMoU,“🔥 BGMI NEW 4.5 UPDATE CLASSIC EXPLORE AND TDM ROOMS🔥 |  #bgmi #short #bgmilive #1v1room,Neptune is live ,https://www.youtube.com/watch?v=DRwNpCOaMoU,12510,206,0,2026-07-19T00:47:07Z,20348,https://i.ytimg.com/vi/DRwNpCOaMoU/hqdefault.jpg,"🗣 FOLLOW ME ON 
 
WHATSAPP = https://chat.whatsapp.com/Fj9vn0EMlHQ99BbdYyAdbT
INSTAGRAM 📷 = https://www.instagram.com/stymphalist._?igsh=MWU0dW9yNXFzbTdkaw==&utm_source=ig_contact_invite


YOUTUBE ▶ ="
2026-07-20,YouTube,yLe3URu7SzI,hill climb race world record  @M_YADAV_is_LIVE  @ANSARIISLIVE6  #bgmi  #1V3M24,ANSARIISLIVE6,https://www.youtube.com/watch?v=yLe3URu7SzI,73007,565,0,2026-07-20T03:50:20Z,2882,https://i.ytimg.com/vi/yLe3URu7SzI/hqdefault.jpg,"1V3 WIN ROYAL PASS @M YADAV IS LIVE @ANSARI IS LIVE
#bgmi #pubgmobile #shorts #shortvideo #1v4 #1vs4 #battlegroundmobileindia #bgmiindia #livestream #shortlive @ANSARIISLIVE #bgmishorts"
2026-07-20,YouTube,W1hD_QOfP-A,Exploring 4.5 Naruto Event w Cutie #cutiegaming #bgmi #explore #fyp #shorts,CUTIE GAMING,https://www.youtube.com/watch?v=W1hD_QOfP-A,13699,558,0,2026-07-20T00:49:16Z,23804,https://i.ytimg.com/vi/W1hD_QOfP-A/hqdefault.jpg,"#bgmi #explore #fyp #cutiegaming 

❤️ Welcome, Amazing Viewers and Beloved Subscribers! ❤️
I'm Srijana Thakuri! 🌸
Subscribe to my channel for some funny & skilled gameplay with a sprinkle of cuteness!"
2026-07-20,YouTube,8TXp4_8ja_8,🔴LIVE BGMI New Naruto ultimate 4.5 update #bgmi #gameplay  #livestream,AndhaPaisaLive,https://www.youtube.com/watch?v=8TXp4_8ja_8,11469,130,0,2026-07-20T03:36:20Z,10391,https://i.ytimg.com/vi/8TXp4_8ja_8/hqdefault.jpg,"Welcome to the stream! We are grinding BGMI today, pushing ranks, and having a blast with the squad. If you enjoy high-intensity gunfights, tactical gameplay, and daily live action, you’re in the righ"
2026-07-20,YouTube,9mkhPZWMGAI,URGENT 🔴 Tidal M416 Bgmi | How to Get Lucky Coin in Bgmi | Hola Buddy Spin | Bgmi New Update,Gk Afroz,https://www.youtube.com/watch?v=9mkhPZWMGAI,10752,1337,166,2026-07-20T02:45:21Z,485,https://i.ytimg.com/vi/9mkhPZWMGAI/hqdefault.jpg,"URGENT 🔴 Tidal M416 Bgmi | How to Get Lucky Coin in Bgmi | Hola Buddy Spin | Bgmi New Update

About Video :-

Ye Video Me Main Aapko dikhane Wala Hun bgmi 4.5 update or bgmi next royal pass and a20 bo"
2026-07-22,YouTube,ObAZcYmD9-8,FINALLY BGMI 4.5 UPDATE IS HEREE💞|ROAD TO 25K😉|FACECAM|#bgmi #malkinplays #shortstream,MALKIN PLAYS,https://www.youtube.com/watch?v=ObAZcYmD9-8,33949,616,0,2026-07-22T00:37:54Z,28802,https://i.ytimg.com/vi/ObAZcYmD9-8/hqdefault.jpg,"Hey I'm Bindu (Ign MalkinPlays), a passionate mobile girl gamer bringing you intense BGMI action, epic clutch moments, and live streams — all with facecam reactions so you can experience every win, ra"
2026-07-23,YouTube,ekIqX6SxX4U,EXPLORING NEW NARUTO UPDATE🔥W HYDRA JALEBEE | #shortslive #shortsfeed #bgmi #bgmilive #shorts,JaLeBeeYT,https://www.youtube.com/watch?v=ekIqX6SxX4U,35628,584,2,2026-07-23T02:35:38Z,28880,https://i.ytimg.com/vi/ekIqX6SxX4U/hqdefault.jpg,"#shortsfeed #shortslive #shorts #live #bgmi #shorts #live #bgmi
✨MY BIO✨ 

🥨Name - Sanjana Badne
🍳IGN -     HYDRAxJALEBEE
🍟DEVICE - IPHONE  17 pro max

 
💕MY UPI💕

 UPIID - 7735005005


✨MY SOCIALS✨

"
2026-07-23,YouTube,NnqUwiInrHw,DOMINATING 4.5 UPDATE🔥| BGMI |#shortsfeed #bgmi,Rexxy Plays,https://www.youtube.com/watch?v=NnqUwiInrHw,25675,420,0,2026-07-23T00:50:22Z,21366,https://i.ytimg.com/vi/NnqUwiInrHw/hqdefault.jpg,"DOMINATING 4.5 UPDATE🔥| BGMI |#shortsfeed #bgmi 

📢 Connect With Me:
Instagram:  instagram.com/rexxyplays06

Discord: discord.gg/GeJCW8WwCm

KICK: kick.com/rexxyplays

Don't forget to hit that LIKE bu"
2026-07-23,YouTube,SH8iipCmKSw,Nobita Gaming Live || Kitna Accha Game Hai Ye? #bgmi  😂😂,Nobita Gaming Live,https://www.youtube.com/watch?v=SH8iipCmKSw,16518,1535,0,2026-07-23T00:19:53Z,31731,https://i.ytimg.com/vi/SH8iipCmKSw/hqdefault.jpg,"______________🙏NAMASKAAR🙏____________

-------------------------------------------------------------------------------
#bgmi #battlegroundsmobileindia #bgminewupdate 
HINDI / MARATHI ||AAGRI|| STREAM
"
2026-07-23,YouTube,IDD5fdWvJ-M,Morning Streams Are Back || #bgmi #bgmilive #shortsfeed #shortslive,Fame Playz,https://www.youtube.com/watch?v=IDD5fdWvJ-M,15943,294,1,2026-07-23T03:30:21Z,9278,https://i.ytimg.com/vi/IDD5fdWvJ-M/hqdefault.jpg,"•INSTAGRAM - https://www.instagram.com/fame__playz?igsh=MTgzMTRkeXVwYTF6Mw==

BGMI Live  @Fame_Playz    
#bgmi #bgmilive #fameplayz 
#fameplays #rankpush #pubg

•BECOME CHANNEL MEMBER : https://www.yo"
2026-07-23,YouTube,1mDEGv_0ybs,Exploring 4.5 Naruto Event w Cutie #cutiegaming #bgmi #explore #fyp #shorts,CUTIE GAMING,https://www.youtube.com/watch?v=1mDEGv_0ybs,14441,611,0,2026-07-23T00:21:59Z,21694,https://i.ytimg.com/vi/1mDEGv_0ybs/hqdefault.jpg,"#bgmi #explore #fyp #cutiegaming 

❤️ Welcome, Amazing Viewers and Beloved Subscribers! ❤️
I'm Srijana Thakuri! 🌸
Subscribe to my channel for some funny & skilled gameplay with a sprinkle of cuteness!"
2026-07-26,YouTube,DUguYRHawrs,CONQUEROR RANK PUSH🔥W HYDRA JALEBEE | #shortslive #shortsfeed #bgmi #bgmilive #shorts,JaLeBeeYT,https://www.youtube.com/watch?v=DUguYRHawrs,36851,562,0,2026-07-26T01:39:32Z,26408,https://i.ytimg.com/vi/DUguYRHawrs/hqdefault.jpg,"#shortsfeed #shortslive #shorts #live #bgmi #shorts #live #bgmi
✨MY BIO✨ 

🥨Name - Sanjana Badne
🍳IGN -     HYDRAxJALEBEE
🍟DEVICE - IPHONE  17 pro max

 
💕MY UPI💕

 UPIID - 7735005005


✨MY SOCIALS✨

"
2026-07-27,YouTube,vwFNPW8cFjg,CONQUEROR RANK PUSH W MALKIN💞|ROAD TO 25K😉|FACECAM|#bgmi #malkinplays #shortstream,MALKIN PLAYS,https://www.youtube.com/watch?v=vwFNPW8cFjg,53656,1016,0,2026-07-27T00:09:23Z,25813,https://i.ytimg.com/vi/vwFNPW8cFjg/hqdefault.jpg,"Hello Cutieesss 
Name : Bindu Bhattrai
Age : 24
Device : IPhone 13 pro

⭐Support 
✨Become a member & get perks as mentioned 
✨You can also support us through upi 
Upi :- bindubhattrai11@okhdfcbank
⭐Co"
2026-07-27,YouTube,3CN6y2oAlEY,friends 🥰🤫🥶 | BGMI WITH PIU PIU♥️ #bgmilive #fyp  #explore #girlgamer,Piu Piu Gaming,https://www.youtube.com/watch?v=3CN6y2oAlEY,17883,1502,3,2026-07-27T00:24:32Z,19992,https://i.ytimg.com/vi/3CN6y2oAlEY/hqdefault.jpg,#bgmifacecamgameplay #piupiuislive   #piupiu  #girlgamer #pubg #facecam #shortsfeed #shorts #live #recommend #teamcode #giveaway #bgmi #pubgmobile #girlgamer #shortsfeed #viral #shorts #trending #shor
2026-07-27,YouTube,7BSEkzvX0RI,CONQUEROR RANK PUSH🔥W HYDRA JALEBEE | #shortslive #shortsfeed #bgmi #bgmilive #shorts,JaLeBeeYT,https://www.youtube.com/watch?v=7BSEkzvX0RI,17393,435,0,2026-07-27T00:21:36Z,21095,https://i.ytimg.com/vi/7BSEkzvX0RI/hqdefault.jpg,"#shortsfeed #shortslive #shorts #live #bgmi #shorts #live #bgmi
✨MY BIO✨ 

🥨Name - Sanjana Badne
🍳IGN -     HYDRAxJALEBEE
🍟DEVICE - IPHONE  17 pro max

 
💕MY UPI💕

 UPIID - 7735005005


✨MY SOCIALS✨

"
2026-07-28,YouTube,4BugDvrkbfE,CONQUEROR RANK PUSH🔥W HYDRA JALEBEE | #shortslive #shortsfeed #bgmi #bgmilive #shorts,JaLeBeeYT,https://www.youtube.com/watch?v=4BugDvrkbfE,43298,693,0,2026-07-28T01:29:15Z,26550,https://i.ytimg.com/vi/4BugDvrkbfE/hqdefault.jpg,"#shortsfeed #shortslive #shorts #live #bgmi #shorts #live #bgmi
✨MY BIO✨ 

🥨Name - Sanjana Badne
🍳IGN -     HYDRAxJALEBEE
🍟DEVICE - IPHONE  17 pro max

 
💕MY UPI💕

 UPIID - 7735005005


✨MY SOCIALS✨

"
2026-07-28,YouTube,CyxAkmrf8gw,Exploring 4.5 Naruto Event w Cutie #cutiegaming #bgmi #explore #fyp #shorts,CUTIE GAMING,https://www.youtube.com/watch?v=CyxAkmrf8gw,16440,574,0,2026-07-28T00:32:46Z,21481,https://i.ytimg.com/vi/CyxAkmrf8gw/hqdefault.jpg,"#bgmi #explore #fyp #cutiegaming 

❤️ Welcome, Amazing Viewers and Beloved Subscribers! ❤️
I'm Srijana Thakuri! 🌸
Subscribe to my channel for some funny & skilled gameplay with a sprinkle of cuteness!"
2026-07-28,YouTube,78cPre97udI,Day 5 | Solo vs Squad Summer Update 4.5 Rank push to Conqueror #pubgm #pubgmobile #rankpush #gaming,Kalua Gaming,https://www.youtube.com/watch?v=78cPre97udI,15237,477,0,2026-07-28T00:05:51Z,24166,https://i.ytimg.com/vi/78cPre97udI/hqdefault.jpg,"Thank for watching.
If you like the video, please don't forget to like it you can subscribe and turn on notifications for more videos for free.
BGMI ID: 5316600797
------------------------------------"
2026-07-29,YouTube,m-ApaEej6d0,KYA TOP 100 HOGA? BGMI W MALKIN💞|ROAD TO 25K😉|FACECAM|#bgmi #malkinplays #shortstream,MALKIN PLAYS,https://www.youtube.com/watch?v=m-ApaEej6d0,90921,1070,2,2026-07-29T00:15:15Z,25289,https://i.ytimg.com/vi/m-ApaEej6d0/hqdefault.jpg,"Hello Cutieesss 
Name : Bindu Bhattrai
Age : 24
Device : IPhone 13 pro

⭐Support 
✨Become a member & get perks as mentioned 
✨You can also support us through upi 
Upi :- bindubhattrai11@okhdfcbank
⭐Co"
2026-07-29,YouTube,SEZCxH5vIaY,CONQUEROR RANK PUSH🔥W HYDRA JALEBEE | #shortslive #shortsfeed #bgmi #bgmilive #shorts,JaLeBeeYT,https://www.youtube.com/watch?v=SEZCxH5vIaY,35440,680,0,2026-07-29T01:09:12Z,25473,https://i.ytimg.com/vi/SEZCxH5vIaY/hqdefault.jpg,"#shortsfeed #shortslive #shorts #live #bgmi #shorts #live #bgmi
✨MY BIO✨ 

🥨Name - Sanjana Badne
🍳IGN -     HYDRAxJALEBEE
🍟DEVICE - IPHONE  17 pro max

 
💕MY UPI💕

 UPIID - 7735005005


✨MY SOCIALS✨

"
2026-07-30,YouTube,tEqYb8ibKt0,Exploring 4.5 Naruto Event w Cutie #cutiegaming #bgmi #explore #fyp #shorts,CUTIE GAMING,https://www.youtube.com/watch?v=tEqYb8ibKt0,19852,587,0,2026-07-30T01:21:36Z,24178,https://i.ytimg.com/vi/tEqYb8ibKt0/hqdefault.jpg,"#bgmi #explore #fyp #cutiegaming 

❤️ Welcome, Amazing Viewers and Beloved Subscribers! ❤️
I'm Srijana Thakuri! 🌸
Subscribe to my channel for some funny & skilled gameplay with a sprinkle of cuteness!"
2026-07-30,YouTube,FZWBzcyx2Mg,#bts #army #art #automobile #anime #bollywood #bgmi #india #iphone #viral #trending #shorts #comedy,Hanuman meena,https://www.youtube.com/watch?v=FZWBzcyx2Mg,10128,169,0,2026-07-30T00:36:42Z,41,https://i.ytimg.com/vi/FZWBzcyx2Mg/hqdefault.jpg,
2026-07-31,YouTube,qOZ3S7iEREI,CONQUEROR RANK PUSH🔥W HYDRA JALEBEE | #shortslive #shortsfeed #bgmi #bgmilive #shorts,JaLeBeeYT,https://www.youtube.com/watch?v=qOZ3S7iEREI,35125,756,0,2026-07-31T02:59:53Z,29868,https://i.ytimg.com/vi/qOZ3S7iEREI/hqdefault.jpg,"#shortsfeed #shortslive #shorts #live #bgmi #shorts #live #bgmi
✨MY BIO✨ 

🥨Name - Sanjana Badne
🍳IGN -     HYDRAxJALEBEE
🍟DEVICE - IPHONE  17 pro max

 
💕MY UPI💕

 UPIID - 7735005005


✨MY SOCIALS✨

"
2026-07-31,YouTube,kUnvn6oPeNk,STREAMING UNTIL 70K SUBS🔥||PUMPKIN IS LIVE|| GIRL GAMER bgmilive #explore #live #girlgamer,PUMPKIN GAMING,https://www.youtube.com/watch?v=kUnvn6oPeNk,26196,855,4,2026-07-31T00:00:06Z,27751,https://i.ytimg.com/vi/kUnvn6oPeNk/hqdefault.jpg,"Make Sure You Enjoy The Live And Do Not Forget To Subscribe The Channel 
Instagram: Pumpkingamingg
Discord: https://discord.gg/uf4yMYNqs
Email: pumpkingaming27@gmail.com
Membership link: https://www.y"
2026-07-31,YouTube,w7oLlvShpX0,😎BGMI ID BAN HO GAYI😢| BGMI LIVE ‪‪@LoLzZzGaming‬ #shortslive #shortfeed #bgmilive,Mayur Gaming React,https://www.youtube.com/watch?v=w7oLlvShpX0,16225,1047,0,2026-07-31T00:38:22Z,0,https://i.ytimg.com/vi/w7oLlvShpX0/hqdefault_live.jpg,"🔥LIVE - Only Chicken Challenges in BGMI w  JONATHAN GAMNG | #shortslive #shortfeed #bgmilive

🥶LIVE - ULTIMATE ROYALE RANK PUSH w  @LoLzZzGaming   | #shortslive #shortfeed #bgmilive #lolzzz #newupdate"
2026-08-01,YouTube,UOPYpzYFurQ,🔥50000 UC Druvaen X-Suit Crate Opening in BGMI l New X-Suit Crate Opening l UC UP event in BGMI,Classified YT,https://www.youtube.com/watch?v=UOPYpzYFurQ,18906,2479,1797,2026-08-01T01:59:51Z,921,https://i.ytimg.com/vi/UOPYpzYFurQ/hqdefault.jpg,"X-suit and Prize path giveaway details here
Join discord https://discord.gg/7Nq5R8wzB6
God of Raven YT https://youtube.com/@godofravenbgmi?si=E43Yh0-Rr3oTUH0z @GodofravenBGMI 
Instagram 
https://www.i"
2026-08-01,YouTube,GlbvnBLIHBc,SOLO 40 KILLS ☹️🥶 | BGMI WITH PIU PIU♥️ #bgmilive #fyp  #explore #girlgamer,Piu Piu Gaming,https://www.youtube.com/watch?v=GlbvnBLIHBc,18833,1470,2,2026-08-01T00:20:19Z,26384,https://i.ytimg.com/vi/GlbvnBLIHBc/hqdefault.jpg,#bgmifacecamgameplay #piupiuislive   #piupiu  #girlgamer #pubg #facecam #shortsfeed #shorts #live #recommend #teamcode #giveaway #bgmi #pubgmobile #girlgamer #shortsfeed #viral #shorts #trending #shor
2026-08-02,YouTube,anrddt2kKTo,KYA TOP 50 HOGA? BGMI W MALKIN💞|ROAD TO 25K😉|FACECAM|#bgmi #malkinplays #shortstream,MALKIN PLAYS,https://www.youtube.com/watch?v=anrddt2kKTo,83061,1050,0,2026-08-02T00:13:36Z,25756,https://i.ytimg.com/vi/anrddt2kKTo/hqdefault.jpg,"Hello Cutieesss 
Name : Bindu Bhattrai
Age : 24
Device : IPhone 13 pro

⭐Support 
✨Become a member & get perks as mentioned 
✨You can also support us through upi 
Upi :- bindubhattrai11@okhdfcbank
⭐Co"
